Name,Brand,Button,Collaborazione,Copertina,Copy,Data di pubblicazione,Data di registrazione,Formato,Reference,Script,Social,Soggetto,Stato,Tipologia contenuto
NEOGELA: In quanto tempo guarisce una frattura?,Neogela,,,Frattura: quanto tempo per guarire?,"Hai subito una frattura e vorresti guarire il più velocemente possibile? 🤔

I fattori in gioco sono tanti, ma pochi sanno che l’integrazione di collagene puro di tipo 1 può ridurre concretamente i tempi di guarigione accelerando il processo di riparazione. 

Scopri di più sul nostro sito http://www.neogela.com 👨‍⚕️",01/08/2025,,Reel,,,"Facebook, Instagram, TikTok, Youtube",,✅ Pubblicato,Domande dal blog
NEOGELA: Bifosfonati e interventi di odontoiatria,Neogela,,,,,,,Reel,,,"Facebook, Instagram, TikTok, Youtube",,Spostato in Notion MUVI Lab,Informativo
"NEOGELA: Osteoporosi: terapia farmacologica o trattamento naturale? ",Neogela,,,Trattamento naturale o terapia farmacologica?,"Trattamento naturale o terapia farmacologica? 🤔

Quando si soffre di osteoporosi, spesso le opinioni si dividono tra farmaci e integratori. La verità è che non c’è sempre una via migliore dell’altra e non per forza le due strade devono essere percorse separatamente. 

Il trattamento naturale si è rivelato una valida soluzione, sia per chi assume i farmaci, e ancora di più per chi non li tollera. 

Scopri se il collagene può aiutarti nel tuo percorso: visita il nostro sito http://www.neogela.com 😊",04/07/2025,,Reel,,,"Facebook, Instagram, TikTok, Youtube",,🗓️ Programmato,Informativo
"NEOGELA: Diagnosi di osteoporosi: 3 passi da fare subito ",Neogela,,,"3 passi da fare dopo una diagnosi di osteoporosi ","Diagnosi di osteoporosi? Ecco 3 passi da fare subito: 

✅ rivolgiti ad uno specialista
✅ adotta uno stile di vita salutare
✅ integra la proteina specifica del collagene per supportare il tessuto osseo

Visita il nostro sito http://www.neogela.com: troverai informazioni e consigli pratici per affrontare l’osteoporosi con consapevolezza 💪",19/08/2025,,Reel,,,"Facebook, Instagram, TikTok, Youtube",,✅ Pubblicato,Consigli
NEOGELA: Avete un collagene marino?,Neogela,,,Collagene marino o suino?,"Pensi che il collagene marino sia quello più facilmente assimilabile dal nostro corpo? Devi sapere che non è così, soprattutto se stai cercando una soluzione per la tua salute ossea e articolare. 🦵

Se pensiamo alla struttura portante del pesce (la sua lisca) possiamo facilmente riconoscere la sua differenza rispetto alle nostre ossa e articolazioni. 
Il collagene per composizione più simile al nostro e quindi più efficace è quello suino. 

La cosa importante è che venga da allevamenti sicuri e controllati, come Neogela ✅

Vuoi sapere se Neogela è il collagene che fa al caso tuo? Contattaci in privato 👨‍⚕️",08/08/2025,,Reel,,,"Facebook, Instagram, TikTok, Youtube",,✅ Pubblicato,EduCollagene
NEOGELA: Esercizi indicati in caso di osteoporosi,Neogela,,,3 esercizi utili in caso di osteoporosi,"L’attività fisica mirata è uno dei più grandi alleati della tua salute ossea. 
Senza il giusto esercizio e una buona alimentazione, anche i migliori integratori potrebbero non dare i risultati sperati. 🤔

Ecco 3 esempi di attività utili in caso di osteoporosi:
➡️ salire le scale
➡️ camminata a ritmo sostenuto
➡️ esercizi con pesi e/o elastici

Tutte queste attività possono aiutarti a rinforzare la ossa, ma RICORDA: solo uno specialista può consigliarti quelle più adatte a te e il giusto modo di eseguirle.

Hai domande? Scrivici nei commenti 💭",30/09/2025,,Reel,,,"Facebook, Instagram, TikTok, Youtube",,✅ Pubblicato,Consigli
"NEOGELA: Rigidità articolare: quali potrebbero essere le cause ",Neogela,,,,,,,Reel,,,"Facebook, Instagram, TikTok, Youtube",,Spostato in Notion MUVI Lab,Informativo
NEOGELA: Per quanto tempo prendere il collagene?,Neogela,,,Per quanto tempo devo assumere collagene?,"Non mollare prima del tempo, il collagene ha bisogno di tempo per agire ⏱️ 

Gli studi dimostrano che sono necessari almeno 6 mesi di integrazione regolare del giusto collagene per poter avere dei risultati a livello di densità ossea e miglioramento della condizione cartilaginea. 

Ci vogliono pazienza e costanza, ma ne vale la pena 💙",18/07/2025,,Reel,,,"Facebook, Instagram, TikTok, Youtube",,✅ Pubblicato,EduCollagene
NEOGELA: Il vostro collagene va bene anche per la pelle?,Neogela,,,Serve anche per la pelle?,"Sì Neogela collagene è utile anche per la pelle, ma non aspettarti risultati nei primi giorni di assunzione. 

Il collagene compone tutti i tessuti connettivi del nostro corpo, dalle ossa ai tendini, dalle unghie alla pelle. Tuttavia, non siamo noi a decidere dove andrà ad agire il collagene che assumiamo. 

Eh sì, perché il nostro organismo ragiona per priorità: le ossa e le cartilagini sono i tessuti più abbondanti di collagene e quindi quelli che in genere ne hanno maggiore bisogno, soprattutto se sono presenti patologie come artrosi o osteoporosi. 

Come fare quindi per vedere risultati sulla pelle? L’assunzione regolare di un collagene puro di qualità darà i suoi frutti nel lungo periodo, quando l’organismo di sarà assicurato di aver nutrito a dovere la tua struttura 😉

Seguici per scoprire tutti i benefici del collagene 💙",02/09/2025,,Reel,,,"Facebook, Instagram, TikTok, Youtube",,✅ Pubblicato,EduCollagene
LYNUP: Raccontiamo la nostra storia,,,,Come è nato Lynup,"Come è nato Lynup? Dalla ricerca dell’essenziale. 

Abbiamo conosciuto nel nostro percorso tante persone confuse rispetto alla loro salute ossea, con tanti dubbi riguardo cosa assumere e in quale quantità.

Crediamo che potersi prendere cura di sé possa essere semplice ed abbiamo creato la formula perfetta per farlo: 5 vitamine e minerali essenziali, nulla di più.

Vieni a scoprire il mondo di Lynup: seguici 💜",27/05/2025,,Reel,,,"Facebook, Instagram, TikTok",,✅ Pubblicato,
"NEOGELA: Trasparenza, cosa significa per Zeta 92",Neogela,,,La nostra trasparenza per la tua salute,"Trasparenza per noi è un valore fondamentale. 
Come lo dimostriamo? 👇

✅ Il nostro prodotto è stato analizzato da un laboratorio certificato Accredia e la certificazione è esposta sul nostro sito

✅ La composizione aminoacidica del nostro collagene è riportata sull’etichetta del prodotto (così puoi sapere quali specifici mattoncini contiene)

✅ Gli allevamenti da cui proviene il nostro collagene sono controllati e rispettano i migliori standard di qualità europei

Visita il nostro sito e controlla tu stesso 🧐",17/06/2025,,Reel,,,"Facebook, Instagram, TikTok, Youtube",,✅ Pubblicato,Aziendale
NEOGELA: Consulenza gratuita,Neogela,,,Richiedi la tua consulenza personalizzata,"Perché Neogela è diverso? 
Perché non è solo un collagene, piuttosto un team che ti supporta nel tuo percorso di benessere. 

Sappiamo quanta attenzione richiede la tua salute. Ecco perché tutti i nostri clienti possono contattarci e richiedere in una consulenza gratuita in 3 semplici step 👇

➡️ Chiamaci o contattaci via mail, modulo web o WhatsApp
➡️ Parla con un esperto del nostro team
➡️ Chiedi un confronto con il nostro medico referente se il tuo caso è delicato ",06/06/2025,,Reel,,,"Facebook, Instagram, TikTok, Youtube",,✅ Pubblicato,Differenziazione
NEOGELA: Curiosità sul collagene,Neogela,,,6 curiosità sul collagene,"6 curiosità sul collagene 🧐

Scopri come l’integrazione di collagene può aiutarti a rimanere in salute e seguici per tanti consigli 💙",24/06/2025,,Reel,,,"Facebook, Instagram, TikTok, Youtube",,✅ Pubblicato,EduCollagene
NEOGELA: Perché bisogna assumere un collagene idrolizzato?,Neogela,,,Perché scegliere il collagene idrolizzato,"Perché bisogna scegliere un collagene idrolizzato? 🤔

Il nostro organismo ha davvero bisogno di collagene ma non riesce ad assorbire efficacemente la molecola intera: ecco perché il collagene che integri deve essere idrolizzato, ossia ridotto in frammenti più piccoli detti peptidi. 

Verifica sempre che il collagene sia sicuro e certificato ✅ e se hai domande scrivici nei commenti 👇",10/06/2025,,Reel,,,"Facebook, Instagram, TikTok, Youtube",,✅ Pubblicato,Informativo
NEOGELA: qual è l’esame più attendibile per diagnosticare l’osteoporosi?,Neogela,,,MOC DEXA: l’esame per la diagnosi di osteoporosi,"Vuoi sapere le tue ossa sono veramente dense? La MOC DEXA è l’esame che può aiutarti a capirlo. 🧐

Il Dott. Zeggio ci spiega quanto eseguire questo esame sia importante, soprattutto per le donne in post-menopausa o le persone in particolari cure farmacologiche.
Si tratta di un semplice esame a basso impatto radiologico che verifica lo stato di salute delle ossa  e permette di individuare l’eventuale presenza di osteopenia o osteoporosi. 

Hai mai eseguito una MOC? Vuoi saperne di più? Scrivici nei commenti o in privato ✍️",22/07/2025,,Reel,,,"Facebook, Instagram, TikTok, Youtube",,✅ Pubblicato,Informativo
NEOGELA: Campagna box,Neogela,,,,,,,Reel,,,"Facebook, Instagram",,✅ Pubblicato,ADS
NEOGELA: All you need is,Neogela,,,Schermata con il barattolo (senza la frase visita il sito),Non ti resta che scegliere il tuo formato preferito 😉,24/07/2025,,Reel,,,"Facebook, Instagram, TikTok, Youtube",,✅ Pubblicato,Trend
NEOGELA: È l’ora del collagene,Neogela,,,,,,,Reel,,,"Facebook, Instagram, TikTok, Youtube",,Spostato in Notion MUVI Lab,Trend
NEOGELA: Neogela in cucina,Neogela,,,In quanto tempo vedrò i risultati dell’assunzione di collagene?,"Il collagene è una proteina strutturale fondamentale per il nostro organismo, ma se ti aspetti i risultati dopo pochi giorni di assunzione ti sbagli!

La sua azione si vede con l’assunzione costante dopo almeno qualche settimana e su diversi fronti 👇

✅ dopo 4 settimane: sollievo dai dolori articolari e maggiore flessibilità

✅ dopo 3 mesi: movimenti più sicuri e maggiore solidità

✅ dopo 6 mesi: miglioramento di densità ed elasticità ossea

Per tutti i consigli su dosaggio e durata del trattamento scrivici in privato 🩺",13/06/2025,,Reel,,,"Facebook, Instagram, TikTok, Youtube",,✅ Pubblicato,Trend
NEOGELA: Magic arm con bustina,Neogela,,,,,,,Reel,,,"Facebook, Instagram, TikTok, Youtube",,💡 Idea,Trend
LYNUP: Perché prendere un multivitaminico in gravidanza?,,,,Gravidanza: cosa integrare per le ossa,"Come proteggere te stessa e il tuo bambino in gravidanza? Con i giusti nutrienti! 💪🏻

La gravidanza è un’esperienza unica che sottopone il corpo a molti cambiamenti. In particolare le ossa possono essere messe a dura prova in questo periodo, poiché da esse vengono ricavati molti dei nutrienti necessari per la formazioni del bambino. 

L’assunzione di vitamine e minerali specifici può aiutarti a preservare la tua salute ossea durante e dopo il parto: scopri Lynup e segui la nostra pagina per tanti consigli 💜",09/06/2025,,Reel,,,"Facebook, Instagram, TikTok",,✅ Pubblicato,Informativo
LYNUP: Perché prendere un multivitaminico in menopausa?,,,,Cosa succede alle ossa in menopausa,"Quanti cambiamenti ha portato la menopausa nella tua vita? 
Potresti non esserti accorta di tutto ciò che è cambiato nel tuo corpo e soprattutto di ciò che sta succedendo alle tue ossa. 

Il calo degli estrogeni può mettere in difficoltà la nostra salute, rendendo le ossa più deboli e poco resistenti. 

Integrare sin dall’inizio della menopausa i giusti nutrienti è il primo passo per preservare le ossa. 

Scopri come Lynup può aiutarti: seguici 💜",29/05/2025,,Reel,,,"Facebook, Instagram, TikTok",,✅ Pubblicato,Informativo
"LYNUP: Quali sono gli alimenti più ricchi di… ",,,,Alimenti top per le ossa,"Sai in quali alimenti trovare le vitamine e i minerali giusti per le tue ossa? Assicurarsi i nutrienti essenziali ogni giorno è un’abitudine fondamentale per la tua salute ossea. 

Guarda il video e scopri se questi cibi fanno parte della tua dieta con costanza 🍓",30/06/2025,,Reel,,,"Facebook, Instagram, TikTok",,✅ Pubblicato,Informativo
"LYNUP: Mal di schiena, dolore alle ginocchia…",,,,Ossa e articolazioni doloranti?,"Ti è mai capitato di sentire dolore ad ossa e articolazioni? 
Potrebbe non essere semplice stanchezza. 

Anche le ossa invecchiano e nel corso della vita possono indebolirsi. Ci sono nutrienti che per il loro mantenimento sono fondamentali e che devono essere assunti ogni giorno nella giusta quantità per supportare la ricostruzione del tessuto. 
Sei sicuro di fornirli tutti al tuo organismo? 

Seguici per tanti consigli di salute 💜",19/06/2025,,Reel,,,"Facebook, Instagram, TikTok",,✅ Pubblicato,Informativo
LYNUP: Quanti integratori!,,,,Quanti integratori per le ossa devo prendere😱,"Troppi integratori, troppe modalità di assunzione, troppi momenti della giornata in cui ricordarsi di assumere l’ennesima pillola. 😱

Le nostre ossa hanno bisogno di tanti nutrienti, ma doverli assumere attraverso 4/5 integratori diversi può diventare una sfida quotidiana. Con il rischio di dimenticarsi e non prendersi cura a dovere della nostra salute ossea. 

È per questo che abbiamo creato la formula unica ed essenziale di Lynup: per racchiudere ciò che serve alle tue ossa in una capsula. ✅

A te è mai capitato di avere troppi integratori da prendere? Scrivicelo nei commenti 👇",12/06/2025,,Reel,,,"Facebook, Instagram, TikTok",,✅ Pubblicato,Differenziazione
LYNUP: Giusto dosaggio giornaliero,,,,Il giusto dosaggio di vitamine e minerali,"Il giusto integratore è quello che: 
✅ si abbina alla dieta completandola
✅ racchiude solo gli ingredienti necessari
✅ contiene nutrienti nel giusto dosaggio

Niente eccessi, niente carenze: il giusto integratore rispetta il tuo fabbisogno e la tua salute 💜",05/06/2025,,Reel,,,"Facebook, Instagram, TikTok",,✅ Pubblicato,Consigli
LYNUP: Quanti cicli fare all’anno,,,,Quanti cicli di vitamine e minerali fare all’anno?,"Un mese di integrazione non basterà a salvare le tue ossa. ❌
Il tuo corpo ha bisogno di un apporto di nutrienti costante per poter ricostruire i propri tessuti. 

Con 1 confezione di Lynup fai 3 mesi di trattamento: 80gg di assunzione + 10gg di pausa. In base alla condizione di salute e al parere del proprio medico possono essere necessari dai 2 ai 4 cicli all’anno. 

E tu? Stai già facendo dei cicli di integrazione di vitamine e minerali?",23/06/2025,,Reel,,,"Facebook, Instagram, TikTok",,✅ Pubblicato,Consigli
"LYNUP: Sono in menopausa, cosa devo integrare?",,,,Menopausa: cosa integrare per le ossa,"Sei in menopausa? Dovresti fare qualcosa per proteggere le tue ossa. 🦴

Il calo degli estrogeni che accompagna questo periodo della vita, provoca un indebolimento della struttura ossea e un maggiore rischio di incorrere in problemi di fragilità ossea. ↘️

Un mix studiato di vitamine e minerali come quello di Lynup può aiutarti e sostenere il metabolismo osseo.

Seguici per altre info utili sulla menopausa 💜",24/07/2025,,Reel,,,"Facebook, Instagram, TikTok",,✅ Pubblicato,Domande dal blog
"LYNUP: Sono in osteoporosi, cosa devo integrare? ",,,,Osteoporosi: cosa integrare per le ossa,"Quello che non ci si può permettere di fronte ad una diagnosi di osteoporosi è ignorare il problema. 

In un percorso di trattamento efficace, l’alimentazione e l’integrazione hanno un ruolo fondamentale e ci sono alcuni importanti micronutrienti da non dimenticare per sostenere a dovere le ossa (oltre alla vitamina D già prescritta): 

✅ vitamina C
✅ vitamina K2
✅ calcio 
✅ magnesio 
✅ silicio 

Tutti contenuti in Lynup 💊

Soffri di osteoporosi? Stai già seguendo una terapia? Scrivici nei commenti la tua esperienza!",26/06/2025,,Reel,,,"Facebook, Instagram, TikTok",,🗓️ Programmato,Domande dal blog
LYNUP: Vitamina D e calcio sono sufficienti per la salute ossea?,,,,Perché non miglioro con calcio e vitamina D?,"Assumi calcio e vitamina D da tempo ma non riesci a migliorare? 

Il motivo è che questi due nutrienti sono importanti ma non sufficienti.
Scopri in questo video quali altre minerali e vitamine servono alle tue ossa e conoscerai la formulazione unica di Lynup 😉",07/07/2025,,Reel,,,"Facebook, Instagram, TikTok",,✅ Pubblicato,Domande dal blog
LYNUP: Che funzione hanno le vitamine e i minerali per le ossa,,,,Perchè le ossa hanno bisogno di questi 5 micronutrienti,"Pensavi che bere latte ogni giorno potesse salvare le tue ossa? Purtroppo il calcio non basta!

Ci sono 5 vitamine e minerali che non possono mancare nella tua dieta se vuoi occuparti come si deve della tua salute ossea. 

Scopri quali e perché devi integrarli ogni giorno 💪",02/06/2025,,Reel,,,"Facebook, Instagram, TikTok",,✅ Pubblicato,Informativo
LYNUP: Quali sono i minerali che compongono le ossa?,,,,I minerali che servono alle tue ossa,"Il calcio non è l’unica cosa di cui le tue ossa hanno bisogno! 🧐

La salute ossea è una questione di equilibrio e giusti nutrienti: ecco perché abbiamo creato una formula completa che oltre al calcio, associa vitamina C, vitamina K2, magnesio e silicio. 

Stai già assumendo questi micronutrienti? Raccontaci la tua esperienza nei commenti ☺️",28/07/2025,,Reel,,,"Facebook, Instagram, TikTok",,✅ Pubblicato,Informativo
LYNUP: Consigli muro,,,,Usare il frame video con le risposte attivate,"Sei in una di queste condizioni? 
Lynup può aiutarti ✅

Segui la pagina e scopri come 💜",03/07/2025,,Reel,,,"Facebook, Instagram, TikTok",,✅ Pubblicato,Trend
LYNUP: Capsule che cadono,,,,Quante capsule sono cadute?,"Vuoi provare Lynup per 80gg? 🤩

Indovina quante capsule abbiamo fatto cadere dalla confezione: il primo che risponde correttamente otterrà 1 confezione in omaggio 🔥

Le vitamine e minerali essenziali per le tue ossa ti aspettano: prova a vincere!",16/06/2025,,Reel,,,"Facebook, Instagram, TikTok",,✅ Pubblicato,Trend
NEOGELA: Motion lapse collagene,Neogela,,,schermata video,Un semplice gesto quotidiano a cui non puoi rinunciare se ci tieni alle tue ossa 😉,14/08/2025,,Reel,,,"Facebook, Instagram, TikTok, Youtube",,✅ Pubblicato,Trend
NEOGELA: cascata bustine,Neogela,,,più bustine più salute,Fai spazio alla tua scorta di collagene in bustine 😉,29/09/2025,,Reel,,,"Facebook, Instagram, TikTok, Youtube",,✅ Pubblicato,Trend
NEOGELA: box 3 prodotti,Neogela,,,Scegli la tua combinazione,3 prodotti per formare la tua box di salute: scegli la tua combinazione nel nostro shop online 🤩,03/07/2025,,Reel,,,"Facebook, Instagram, TikTok, Youtube",,✅ Pubblicato,Trend
NEOGELA: scatola buste,Neogela,,,schermata con scritta,1 scatola di Neogela collagene = 28 giorni di salute per le tue ossa 💪,25/08/2025,,Reel,,,"Facebook, Instagram, TikTok, Youtube",,✅ Pubblicato,Trend
"NEOGELA: POV bicchiere ",Neogela,,,schermata iniziale,"Integrare ogni mattina il collagene idrolizzato Neogela vuol dire: 
✅ mantenere sane ossa e articolazioni
✅ rinforzare tendini e legamenti
✅ ridurre il dolore articolare
✅ prevenire fratture e infortuni 
✅ migliorare forza e flessibilità

Seguici e scopri come il collagene può migliorare la tua quotidianità 💙",29/08/2025,,Reel,,,"Facebook, Instagram, TikTok, Youtube",,✅ Pubblicato,Trend
"NEOGELA: POV sono il tuo pacco Neogela ",Neogela,,,,,,25/11/2025,Reel,,,"Facebook, Instagram, TikTok, Youtube",,Spostato in Notion MUVI Lab,Trend
NEOGELA: Post diretta con Farmacista,Neogela,,@la_rox_farmacista,-,"GIOVEDÌ 3 LUGLIO ALLE ORE 20 - Ti aspettiamo in diretta insieme alla dottoressa Rossella Romano, farmacista ospedaliera, per parlare di osteoporosi e collagene. 
Grazie al contributo e all’esperienza della dott.ssa Rossella, capiremo come individuare il collagene adatto in caso di fragilità ossea e come il farmacista può aiutarti nel percorso di cura. 

Come sapere se un collagene è valido?
Qual è la tipologia più adatta?
Che risultati mi devo aspettare sulla condizione ossea? 
Risponderemo a queste e tante altre domande, per poi lasciare spazio alle vostre curiosità. 

IG: Clicca sul promemoria per non perderti la diretta
FB: Clicca su “Partecipa” per non perderti la diretta",26/06/2025,,Post,,,"Facebook, Instagram, TikTok, Youtube",,✅ Pubblicato,Diretta
NEOGELA: Doc crolli vertebrali,Neogela,,,Perché avvengono i crolli vertebrali,"Perché le vertebre crollano? 😰

I crolli vertebrali avvengono soprattutto in presenza di osteoporosi e possono essere legati a due principali fattori: elasticità e densità della vertebra. 

Il Dott. Zeggio ci spiega come preservare lo stato di salute osseo per evitare che avvenga il crollo e come verificare se una vertebra è a rischio. ",20/06/2025,,Reel,,,"Facebook, Instagram, TikTok, Youtube",,🗓️ Programmato,Informativo
NEOGELA: Intervista cliente,Neogela,,,L’esperienza di mia mamma con Neogela,"In famiglia il collagene può servire a tutti 😉

Betty ci racconta l’esperienza di sua mamma: problematica diversa ma stesso beneficio a livello di benessere fisico 💪

E tu? Lo hai consigliato a qualcuno in famiglia?",27/06/2025,,Reel,,,"Facebook, Instagram, TikTok, Youtube",,✅ Pubblicato,Intervista
NEOGELA: Ti fanno male le mani?,Neogela,,, Ti fanno male le mani?,"Molte donne dopo la menopausa segnalano dolore alle mani, una condizione che può diventare difficile da gestire quotidianamente se pensiamo per quante attività le utilizziamo. 

La menopausa porta ad un calo del livello di estrogeni, i quali hanno un ruolo importante nel proteggere le nostre articolazioni. Ecco perché molte donne sviluppano una condizione di infiammazione a livello articolare. 

Cosa si può fare? Ecco tutti i consigli di Giulia e il Dott. Zeggio, nostro medico referente, per affrontare al meglio la menopausa e preservare la tua salute ossea 💙",01/07/2025,,Reel,,,"Facebook, Instagram, TikTok, Youtube",,✅ Pubblicato,Consigli
NEOGELA: Video riassunto fiera,Neogela,,,,,03/06/2025,,Reel,,,"Facebook, Instagram, TikTok, Youtube",,✅ Pubblicato,Differenziazione
NEOGELA: Oggi diamo un voto al pranzo di ognuna di noi,Neogela,,,,,,,Storia,,,"Facebook, Instagram",,💡 Idea,
NEOGELA: Video testimonianza di una cliente,Neogela,,,,,,,Reel,,,"Facebook, Instagram, TikTok, Youtube",,💡 Idea,
NEOGELA: Presentazione progetto “Alla tua salute ci pensa Neogela”,Neogela,,,La nostra iniziativa sociale,"Siamo davvero felici di annunciare la nostra iniziativa sociale “Alla tua salute ci pensa Neogela”

Quale miglior modo per dimostrare che non produciamo solo un integratore, ma supportiamo davvero chi vuole migliorare la propria salute e quotidianità. E questa volta abbiamo voluto farlo con chi ci ha dato fiducia in tanti anni, anche quando la salute non poteva essere una priorità.

Michela e Alessandra saranno le protagoniste di questo meraviglioso progetto: 12 mesi di fornitura gratuitamente di collagene e il nostro supporto continuo, con MOC di monitoraggio all’inizio e alla fine del percorso per vedere gli effetti di una integrazione costante di Neogela. 

Perché lo facciamo? Vogliamo che per un intero anno Michela e Alessandra non debbano preoccuparsi di acquistare ogni mese una confezione, ma solo della loro salute ossea. 

Segui i progressi del loro percorso sui nostri canali ",16/09/2025,,Reel,,,"Facebook, Instagram, TikTok, Youtube",,✅ Pubblicato,Differenziazione
NEOGELA: Guida “Come inserire il collagene nella tua routine”,Neogela,,,,,,16/10/2025,Reel,,,"Facebook, Instagram, TikTok, Youtube",,Spostato in Notion MUVI Lab,Consigli
NEOGELA: Va bene anche per la pelle?,Neogela,,,,,24/11/2025,,Reel,,,"Facebook, Instagram, TikTok, Youtube",,🗓️ Programmato,Domande dal blog
NEOGELA: le persone amano Neogela,Neogela,,,,,,,Reel,,,"Facebook, Instagram, TikTok, Youtube",,💡 Idea,Trend
NEOGELA: video intervista team,Neogela,,,,,,,Reel,,,"Facebook, Instagram, TikTok, Youtube",,💡 Idea,
NEOGELA: tutto il team assume Neogela,Neogela,,,,,,05/12/2025,Reel,,,"Facebook, Instagram, TikTok, Youtube",,✅ Pubblicato,Trend
NEOGELA: Il collagene fa ingrassare? Ecco cosa dicono le nostre clienti,Neogela,,,,,,,Reel,,,"Facebook, Instagram, TikTok, Youtube",,💡 Idea,
"NEOGELA: consigli in caso di artrosi alle mani               ",Neogela,,,,,,,Reel,,,"Facebook, Instagram, TikTok, Youtube",,💡 Idea,Consigli
NEOGELA: Come trattiamo i nostri clienti fedeli,Neogela,,,,,,,Reel,,,"Facebook, Instagram, TikTok, Youtube",,💡 Idea,
NEOGELA: box domande,Neogela,,,,,23/06/2025,,Storia,,,"Facebook, Instagram, TikTok, Youtube",,✅ Pubblicato,
NEOGELA: Sono in menopausa come integro il collagene nel corso dell’anno,Neogela,,,,,,25/11/2025,Reel,,,"Facebook, Instagram, TikTok, Youtube",,Spostato in Notion MUVI Lab,Informativo
NEOGELA: il collagene va preso insieme alla vitamina C?,Neogela,,,Il collagene va preso con la vitamina C?,"Assicurarsi una buona dose di vitamina C ogni giorno è importante: non solo per rinforzare il sistema immunitario, anche per stimolare la sintesi interna di collagene. 

Ecco perché spesso ci chiedete: “Ma insieme al collagene devo prendere anche la vitamina C?”
La vitamina C non deve mancare, ma ciò non significa doverli assumere tramite lo stesso integratore. 

Il Dott. Zeggio ci spiega in questo video perché è consigliabile separare l’assunzione di questi due elementi nell’arco della giornata. 

Se hai domande, scrivile nei commenti 💬",19/09/2025,,Reel,,,"Facebook, Instagram, TikTok, Youtube",,✅ Pubblicato,EduCollagene
NEOGELA: perché Neogela è costoso?,Neogela,,,,,,29/01/2026,Reel,,,"Facebook, Instagram, TikTok, Youtube",,Spostato in Notion MUVI Lab,Differenziazione
NEOGELA: si può curare l’osteoporosi senza farmaci?,Neogela,,,Si può curare l’osteoporosi senza farmaci?,"Posso curare l’osteoporosi senza farmaci? La risposta non è uguale per tutti 🤔

Un percorso naturale fatto di alimentazione curata, attività fisica e integrazione può fare molto per chi è in osteopenia o in fase iniziale di osteoporosi. Grazie ad un approccio a 360°, è possibile frenare il decorso della patologia. 

Nei casi di osteoporosi avanzata e fratture già avvenute, l’esclusione del farmaco può essere un rischio. 

La domanda che ci si dovrebbe porre è: qual è la terapia più adatta me? 👨‍⚕️

Parlane con il tuo medico, chiedi informazioni e documentati sulle alternative disponibili e l’importanza dello stile di vita 🌱",17/10/2025,,Reel,,,"Facebook, Instagram, TikTok, Youtube",,✅ Pubblicato,Informativo
NEOGELA: il collagene si deteriora con il caldo?,Neogela,,,Il collagene si deteriora con il caldo?,"Ti stai chiedendo se acquistare il collagene in questo periodo così caldo è una buona idea? 

Spoiler: il collagene non si deteriora, può resistere addirittura fino a 100°!
La tua dose di salute è al sicuro, non subirà alterazioni 😉",10/07/2025,,Reel,,,"Facebook, Instagram, TikTok, Youtube",,🗓️ Programmato,Differenziazione
"NEOGELA: Fratture ",Neogela,,,,,,,Video YouTube,,,"Facebook, Instagram, TikTok, Youtube",,Spostato in Notion MUVI Lab,Informativo
NEOGELA: Osteoporosi gravidica,Neogela,,,Osteoporosi gravidica,"Sono sempre più frequenti i casi di osteoporosi gravidica, quella forma di fragilità ossea che insorge durante o dopo la gravidanza indebolendo le ossa della mamma. 

Molte donne in gravidanza non sanno che il loro fabbisogno di nutrienti come calcio e proteine è aumentato in gestazione e che non soddisfarlo può tradursi in perdita di massa ossea. Questo accade perché la struttura ossea della madre diviene la fonte da cui recuperare i nutrienti che non arrivano dal cibo. 

Il Dr. Daniele Zeggio, Medico di Medicina Generale esperto in patologie dell’apparato scheletrico, ci spiega cos’è l’osteoporosi gravidica, cosa comporta e quali comportamenti possono aiutare a prevenirla e trattarla. 

Sei in gravidanza o hai scoperto di avere l’osteoporosi gravidica? Richiedi una consulenza gratuita con il nostro team specializzato: https://neogela.com/prenota-una-consulenza/",03/09/2025,,Video YouTube,,,"Facebook, Instagram, TikTok, Youtube",,✅ Pubblicato,Informativo
NEOGELA: Osteoporosi maschile,Neogela,,,"Osteoporosi maschile ","Nonostante sia meno diffusa tra i soggetti di sesso maschile, l’osteoporosi può colpire anche gli uomini. 
Si tratta di forme più rare e spesso legate a problematiche preesistenti o come conseguenza dell’assunzione prolungata di farmaci come i cortisonici. 

L’osteoporosi maschile prevede delle modalità di trattamento differenti rispetto al sesso femminile, ma è importante non ignorarla ed individuare subito il percorso più adatto. 

Soffri di osteoporosi maschile? Cerchi una soluzione naturale per contrastarla? Visita il nostro sito e richiedi una consulenza personalizzata",05/08/2025,,Video YouTube,,,Youtube,,✅ Pubblicato,Informativo
NEOGELA: Artrosi all’anca,Neogela,,,,,,,Video YouTube,,,"Facebook, Instagram, TikTok, Youtube",,Spostato in Notion MUVI Lab,Informativo
NEOGELA: Studi clinici sul collagene + invito a vedere i casi raccolti,Neogela,,,,,,,Video YouTube,,,"Facebook, Instagram, TikTok, Youtube",,💻 Da montare,EduCollagene
NEOGELA: Spieghiamo il collagene e i suoi benefici,Neogela,,,,,,,Video YouTube,,,"Facebook, Instagram, TikTok, Youtube",,💻 Da montare,EduCollagene
NEOGELA: ricetta salutare con il collagene,Neogela,,,,,,,Reel,,,"Facebook, Instagram, TikTok, Youtube",,💡 Idea,
"NEOGELA: Dolore alle ossa? Quali esami possono aiutarti ",Neogela,,,,,,,Reel,,,"Facebook, Instagram, TikTok, Youtube",,Spostato in Notion MUVI Lab,Informativo
NEOGELA: Frattura spontanea? Serve una MOC!,Neogela,,,,,,,Reel,,,"Facebook, Instagram, TikTok, Youtube",,💡 Idea,
NEOGELA: Dove si fa la MOC,Neogela,,,,,,,Reel,,,"Facebook, Instagram, TikTok, Youtube",,💡 Idea,
NEOGELA: Chi prescrive la MOC,Neogela,,,,,,,Reel,,,"Facebook, Instagram, TikTok, Youtube",,💡 Idea,
NEOGELA: Quali valori guardare nel referto della MOC,Neogela,,,,,28/11/2025,,Reel,,,"Facebook, Instagram, TikTok, Youtube",,Spostato in Notion MUVI Lab,Informativo
NEOGELA: Densitometria ossea: l’esame che dovresti fare dopo una certa età,Neogela,,,,,,09/03/2026,Reel,,,"Facebook, Instagram, TikTok, Youtube",,Spostato in Notion MUVI Lab,Informativo
"NEOGELA: Moc dexa, densitometria in farmacia, BesTest, Ecolight: quale scegliere",Neogela,,,,,,25/11/2025,Reel,,,"Facebook, Instagram, TikTok, Youtube",,Spostato in Notion MUVI Lab,Consigli
NEOGELA: Hai fatto la MOC in un’altra struttura? Ecco perché devi farla sempre nello stesso posto,Neogela,,,,,,,Reel,,,"Facebook, Instagram, TikTok, Youtube",,Spostato in Notion MUVI Lab,Informativo
NEOGELA: Recupero post infortunio (con Personal Trainer),Neogela,,mattia_casonato.pt,"Quanto è importante il recupero post-infortunio ","Se ti sei infortunato e il dolore è passato, non pensare che sia tutto risolto. Il momento di agire in modo diretto è proprio questo. 

Mattia Casonato, personal trainer, ci racconta quanto la fase di recupero post-infortunio sia fondamentale per ritrovare la piena funzionalità della zona che subito infortunio. 

È necessario riprendere il movimento in modo graduale e controllato, per evitare che una disattenzione si traduca in un secondo infortunio. ",12/08/2025,,Reel,,,"Facebook, Instagram, TikTok, Youtube",,✅ Pubblicato,Informativo
NEOGELA: Recupero funzionale (con Personal Trainer),Neogela,,mattia_casonato.pt,Recupero funzionale: quando serve,"Il recupero funzionale NON È SOLO utile in seguito ad un infortunio, ma fondamentale anche quando senti che il tuo corpo non sta funzionando al meglio. 

Spesso ci si ferma prima di aver davvero ricostruito forza e mobilità, con il rischio di andare incontro a nuovi dolori o peggio infortuni. 

Un percorso strutturato con un personal trainer specializzato può aiutarti a recuperare nel modo giusto ed evitare danni futuri. 
Vuoi ritrovare la tua forma migliore? Seguici per altri consigli di salute 💪",09/09/2025,,Reel,,,"Facebook, Instagram, TikTok, Youtube",,✅ Pubblicato,Informativo
NEOGELA: Dolori articolari (con Personal Trainer),Neogela,,mattia_casonato.pt,Dolore articolare: devo stare fermo?,"Dolori articolari? Non smettere di muoverti! 

Il dolore alle articolazioni è il segnale di qualcosa che non sta funzionando, ma non è la sedentarietà quello che ti aiuterà a stare meglio. 

Rivolgerti ad un personal trainer esperto può aiutarti ad individuare la causa all’origine di questo dolore e il percorso giusto per recuperare la funzionalità articolare. 

Seguici sui nostri profili per capire come integrazione e attività fisica possono aiutarti a dire addio ai dolori articolari 💪",08/07/2025,,Reel,,,"Facebook, Instagram, TikTok, Youtube",,✅ Pubblicato,Consigli
NEOGELA: Perché non ho scoperto prima di avere l’osteoporosi?,Neogela,,,,,,29/01/2026,Reel,,,"Facebook, Instagram, TikTok, Youtube",,Spostato in Notion MUVI Lab,Domande dal blog
NEOGELA: Primi sintomi dell’indebolimento osseo,Neogela,,,Come riconoscere l’indebolimento osseo,"Riconoscere l’indebolimento osseo non è così semplice, spesso non ci sono sintomi evidenti.

Esistono però dei campanelli di allarme che possiamo riconoscere: 
➡️ dolore diffuso alla schiena senza un motivo preciso
➡️ riduzione della statura
➡️ la schiena che tende ad incurvarsi
➡️ facilità a fratturarsi

Se ti riconosci in uno di questi segnali, rivolgiti al tuo medico e richiedi un controllo della densità ossea.

Conoscere lo stato di salute delle tue ossa è il primo passo per sapere come prendertene cura al meglio. 💪",22/08/2025,,Reel,,,"Facebook, Instagram, TikTok, Youtube",,✅ Pubblicato,Informativo
NEOGELA: Differenza tra osteopenia e osteoporosi,Neogela,,,,,,09/03/2026,Reel,,,"Facebook, Instagram, TikTok, Youtube",,Spostato in Notion MUVI Lab,Informativo
"NEOGELA: Ho l’osteoporosi, sono ancora in tempo?",Neogela,,,Ho l’osteoporosi: sono ancora in tempo?,"Assolutamente sì! 
Se hai l’osteoporosi, non fermarti: sei ancora in tempo per migliorare. ↗️

La cosa peggiore che si possa fare di fronte ad una diagnosi di osteoporosi è pensare che ormai non ci sia più nulla da fare lasciando che il tempo faccia il suo corso. ❌

Sicuramente capire da dove ha avuto origine la patologia è fondamentale per trovare il percorso di cura più adatto, ma ci sono 4 cose che puoi cominciare a fare subito: 

✅ Mangiare correttamente facendo attenzione a introdurre tutti i nutrienti necessari
✅ Regolarizzare l’attività fisica con carico con l’aiuto di un professionista
✅ Evitare abitudini controproducenti come fumo e alcol
✅ Discutere con il tuo medico l’eventuale assunzione di integratori e/o farmaci

Non trascurare le tue ossa: seguici e scopri come prenderti cura di loro ogni giorno 💪",29/10/2025,15/09/2025,Reel,,,"Facebook, Instagram, TikTok, Youtube",,🗓️ Programmato,Domande dal blog
"NEOGELA: Prendo la vitamina D, come faccio ad avere l’osteoporosi?",Neogela,,,,,,,Reel,,,"Facebook, Instagram, TikTok, Youtube",,Spostato in Notion MUVI Lab,Informativo
NEOGELA: Sei in cura per un tumore al seno? Fai attenzione a questa cosa,Neogela,,,,,,,Reel,,,"Facebook, Instagram, TikTok, Youtube",,💡 Idea,
NEOGELA: Calcio alto nel sangue e osteoporosi,Neogela,,,,,,,Reel,,,"Facebook, Instagram, TikTok, Youtube",,Spostato in Notion MUVI Lab,Informativo
NEOGELA: Di cosa sono fatte le ossa e perché si indeboliscono,Neogela,,,,,,25/11/2025,Reel,,,"Facebook, Instagram, TikTok, Youtube",,Spostato in Notion MUVI Lab,EduCollagene
NEOGELA: Quante proteine al giorno mangiare in caso di osteoporosi,Neogela,,,,,,29/08/2025,Reel,,,"Facebook, Instagram, TikTok, Youtube",,Spostato in Notion MUVI Lab,Informativo
NEOGELA: Come fa il collagene ad arrivare alle ossa?,Neogela,,,Come fa il collagene ad arrivare alle ossa?,"C’è chi sostiene che il collagene una volta assunto non possa arrivare alle ossa, eppure diversi studi dimostrano la sua efficacia nel stimolare la rigenerazione del tessuto osseo. 

Il Dott.Zeggio ci spiega come fa il collagene a raggiungere le ossa una volta ingerito. 

Il segreto? Scegliere il giusto collagene idrolizzato e con la migliore composizione aminoacidica. I giusti aminoacidi fungono infatti da segnale per le cellule addette alla rigenerazione dei tessuti che provvederanno a nutrire e riparare ossa, cartilagini, pelle. 

E tu lo sapevi? 🤔",03/10/2025,,Reel,,,"Facebook, Instagram, TikTok, Youtube",,✅ Pubblicato,EduCollagene
NEOGELA: Differenza tra collagene vegetale e animale,Neogela,,,,,,09/03/2026,Reel,,,"Facebook, Instagram, TikTok, Youtube",,💡 Idea,
NEOGELA: Collagene vs glucosamina e condroitina,Neogela,,,,,,,Reel,,,"Facebook, Instagram, TikTok, Youtube",,Spostato in Notion MUVI Lab,Informativo
NEOGELA: Carenza di collagene? Ecco come capirlo,Neogela,,,,,,09/03/2026,Reel,,,"Facebook, Instagram, TikTok, Youtube",,Spostato in Notion MUVI Lab,
NEOGELA: Stai assumendo collagene ma non sai se sta funzionando? Ecco come capirlo,Neogela,,,,,,25/11/2025,Reel,,,"Facebook, Instagram, TikTok, Youtube",,Spostato in Notion MUVI Lab,Consigli
NEOGELA: caso di una persona che è migliorata con il collagene,Neogela,,,,,,,Reel,,,"Facebook, Instagram, TikTok, Youtube",,💡 Idea,
NEOGELA: Il collagene è davvero il rimedio miracoloso per tutti i mali?,Neogela,,,,,,29/08/2025,Reel,,,"Facebook, Instagram, TikTok, Youtube",,Spostato in Notion MUVI Lab,EduCollagene
NEOGELA: Da dove viene la nostra materia prima,Neogela,,,Da dove deriva il nostro collagene?,"Dovresti sapere da dove arriva il collagene che vorresti assumere. 

La qualità della materia prima da cui deriva il nostro collagene è per noi motivo di orgoglio, ecco perché esponiamo le certificazioni e dichiarazioni sugli allevamenti svizzeri da cui proviene il nostro prodotto. 

✅ Controlli sanitari rigorosi, no ad allevamenti intensivi, antibiotici né ormoni. 
✅ Processi di produzione sicuri e tracciabili con controlli ad ogni lotto. 

Solo da una materia prima eccellente può derivare un prodotto valido ed efficace",26/09/2025,,Reel,,,"Facebook, Instagram, TikTok, Youtube",,✅ Pubblicato,Aziendale
NEOGELA: Metalli pesanti e certificazioni,Neogela,,,,,,29/01/2026,Reel,,,"Facebook, Instagram, TikTok, Youtube",,Spostato in Notion MUVI Lab,
NEOGELA: Ho letto la tabella nutrizionale ma non c’è scritto da nessuna parte collagene,Neogela,,,Tabella nutrizionale: non vedo il collagene,"Cerchi collagene nella tabella nutrizionale ma non lo trovi scritto? 🤔
Ecco qualche consiglio per leggere correttamente l’etichetta di un integratore a base di collagene e scegliere quello giusto per te ✅

Salva il video se lo hai trovato utile, potresti volerlo rivedere 👀",12/09/2025,,Reel,,,"Facebook, Instagram, TikTok, Youtube",,✅ Pubblicato,Domande dal blog
NEOGELA: Come sapere se un collagene è sicuro,Neogela,,,,,,29/01/2026,Reel,,,"Facebook, Instagram, TikTok, Youtube",,Spostato in Notion MUVI Lab,Informativo
NEOGELA: due collageni a confronto che sciolgono nell’acqua,Neogela,,,,,,,Reel,,,"Facebook, Instagram, TikTok, Youtube",,💡 Idea,
NEOGELA: Perché offriamo consulenza gratuita,Neogela,,,,,,,Reel,,,"Facebook, Instagram, TikTok, Youtube",,Spostato in Notion MUVI Lab,Differenziazione
NEOGELA: Come si svolgono le consulenza qui in azienda,Neogela,,,,,,05/12/2025,Reel,,,"Facebook, Instagram, TikTok, Youtube",,Spostato in Notion MUVI Lab,Differenziazione
NEOGELA: 3 motivi per cui richiedere una consulenza prima di acquistare un prodotto,Neogela,,,,,,05/12/2025,Reel,,,"Facebook, Instagram, TikTok, Youtube",,Spostato in Notion MUVI Lab,Differenziazione
NEOGELA: Recensione sul nostro servizio di consulenza,Neogela,,,,,,,Reel,,,"Facebook, Instagram, TikTok, Youtube",,💡 Idea,
LYNUP: ricetta che comprenda i micronutrienti essenziali per le ossa,,,,,,,29/08/2025,Reel,,,"Facebook, Instagram, TikTok",,💻 Da montare,Differenziazione
LYNUP: una giornata tipo vissuta al top (con Lynup tutte le tue giornate possono essere così),,,,,,,,Reel,,,"Facebook, Instagram, TikTok, Youtube",,💡 Idea,Differenziazione
LYNUP: confronto tra Lynup e altri multivitaminici (lista ingredienti una corta una lunghissima),,,,Quanto è lunga la lista ingredienti del tuo multivitaminico?,"Che senso ha assumere tanti ingredienti se poi questi non vengono assorbiti efficacemente e non sono nemmeno quelli di cui avresti bisogno? 😥

Lynup ha fatto una scelta diversa: pochi ingredienti selezionati, ma quelli che servono davvero alle tue ossa e nel giusto dosaggio. 

Niente inutili aggiunte, nessun additivo. 

Perché prendersi cura delle proprie ossa deve essere semplice 💜",10/07/2025,,Reel,,,"Facebook, Instagram, TikTok, Youtube",,🗓️ Programmato,Differenziazione
LYNUP: Vitamina D e Vitamina K2,,,,,,,,Reel,,,"Facebook, Instagram, TikTok, Youtube",,💻 Da montare,Informativo
LYNUP: tutte le funzioni della vitamina C,,,,Perché la vitamina C è così importante?,"No, non serve solo a rinforzare le difese immunitarie 🧐

La vitamina C è una risorsa formidabile per il nostro organismo. 
Non è solo utile per “tenere lontana l’influenza”, ha un ruolo importantissimo per la struttura portante del nostro corpo. 💪

La vitamina C infatti stimola la produzione interna di collagene, la proteina che compone ossa, cartilagini, pelle, perfino le pareti dei vasi sanguigni. 

Sei sicuro di poterne fare a meno? 
Scrivici nei commenti se la stai già assumendo e segui la pagina 💜",30/10/2025,,Reel,,,"Facebook, Instagram, TikTok, Youtube",,🗓️ Programmato,Informativo
LYNUP: tutte le funzioni della vitamina K2,,,,Perché la vitamina K2 è così importante?,"In pochi conoscono gli effetti positivi della vitamina K2 sulla salute ossa:
✅ attiva l’osteocalcina che lega il calcio alle ossa
✅ attiva la proteina MGP che impedisce l’accumulo del calcio nei tessuti molli

Grazie alla vitamina K2, il calcio evita di depositarsi nelle arterie e va a nutrire i tessuti che davvero ne hanno bisogno: ossa e denti. 💪

Non si trova nei comuni alimenti, ecco perché integrarne una piccola dose in modo costante ti aiuta a mantenere attivi questi importanti processi. 

E tu? Integri già la vitamina K2? Scrivilo nei commenti!",28/08/2025,,Reel,,,"Facebook, Instagram, TikTok, Youtube",,✅ Pubblicato,Informativo
LYNUP: tutte le funzioni del calcio,,,,"Perché il calcio è così importante? ","Il 99% del calcio nel nostro organismo si trova depositato nel tessuto osseo e nei denti, per dare loro durezza. 💪

Ma c’è anche un 1% circolante il cui ruolo non è da trascurare: 
✅ regola la contrazione muscolare
✅ supporta la trasmissione nervosa
✅ interviene nella coagulazione del sangue

Assumere calcio a sufficienza è fondamentale per le tue ossa, e non solo! Perché se non vi è calcio circolante a sufficienza, l’organismo lo ricava proprio dal tessuto osseo. 

Conoscevi tutte le funzioni del calcio? Segui la pagina per continuare a ricevere informazioni utili sulla salute ossea (e non solo 😉)",20/11/2025,,Reel,,,"Facebook, Instagram, TikTok, Youtube",,🗓️ Programmato,Informativo
LYNUP: tutte le funzioni del magnesio,,,,Perché il magnesio è così importante?,"Quante volte ti hanno consigliato di assumere magnesio nei mesi caldi? 
Aiuta a combattere la stanchezza e supporta il sistema nervoso e muscolare. 

Ma non è tutto: il magnesio è coinvolto in oltre 300 processi interni al nostro organismo ed è per questo che dovresti verificare quanto ne assumi anche nel resto dell’anno. 

Scopri in questo video tutte le funzioni del magnesio e come può aiutare la tua salute ossea 🦴
E tu sai se ne assumi a sufficienza?",31/07/2025,,Reel,,,"Facebook, Instagram, TikTok, Youtube",,✅ Pubblicato,Informativo
"LYNUP: tutte le funzioni del silicio ",,,,Perché il silicio è così importante?,"Ecco perché le tue ossa sono felici se assumi silicio: 
✅ viene stimolata la produzione interna di collagene, la proteina che dà struttura alle ossa e le rende elastiche
✅ il tessuto ossea si mineralizza più efficacemente

Non sempre con la dieta è facile assumere una quantità sufficiente di silicio, per questo un integratore specifico può aiutarti.

Vuoi saperne di più sulle buone abitudini che aiutano le tue ossa? Segui la pagina 💜",25/09/2025,,Reel,,,"Facebook, Instagram, TikTok, Youtube",,✅ Pubblicato,Informativo
NEOGELA: I benefici del pilates (con Fisioterapista),Neogela,,fisioterapiavicenza,I benefici del pilates,"Avevi mai considerato il pilates? Se hai problematiche osteoarticolari dovresti proprio farlo!

La Dott.ssa Marcelli Pales, Fisioterapista, ci racconta tutti i benefici di questa disciplina, insegnandoci che il pilates non è una semplice ginnastica dolce ma un lavoro attento che può migliorare la quotidianità di chi soffre di osteoporosi o artrosi. 

Vuoi sapere se il pilates può fare al caso tuo? Segui i nostri profili per altri consigli di salute 🤸",23/09/2025,,Reel,,,"Facebook, Instagram, TikTok, Youtube",,✅ Pubblicato,Informativo
NEOGELA: 3 attività consigliate per alleviare il dolore da artrosi (con Fisioterapista),Neogela,,fisioterapiavicenza,3 attività consigliate in caso di artrosi,"Dolore da artrosi? La giusta attività fisica può aiutarti ad alleviarlo 💪

Ecco 3 attività consigliate dalla Dott.ssa Marcelli Pales, fisioterapista
✅ Yoga e Pilates
✅ Camminata a ritmo sostenuto
✅ Esercizi per il rinforzo muscolare

Seguici sui nostri profili per sapere di più su come migliorare la tua salute articolare con integrazione e attività fisica 🦵",29/07/2025,,Reel,,,"Facebook, Instagram, TikTok, Youtube",,✅ Pubblicato,Consigli
NEOGELA: Perché fare rieducazione posturale può aiutare contro l’osteoporosi (con Fisioterapista),Neogela,,studiofisioterapiavicenza,RPG contro l’osteoporosi,"Hai mai sentito parlare di Rieducazione Posturale Globale? 
La Dott.ssa Marcelli Pales, fisioterapista esperta di RPG, ci racconta su quali principi si basa questa tecnica e perché può aiutare in caso di osteoporosi. 

Se soffri di osteopenia o osteoporosi e cerchi consigli utili e pratici per migliorare il tuo benessere, seguici sui nostri profili 💙",26/08/2025,,Reel,,,"Facebook, Instagram, TikTok, Youtube",,✅ Pubblicato,Informativo
NEOGELA: Come risolvere i miei problemi (PROMO),Neogela,,,Promo estiva: bustine in omaggio,"Lasciare a casa il collagene? Non se ne parla! 

Per questo c’è la promo estiva Neogela 👇
Dal 14 al 24 luglio, spendendo almeno €50 sul nostro shop ricevi in omaggio le comode bustine da viaggio per portare il collagene in vacanza con te! E in regalo un super gadget estivo 🏝️

Corri sul sito e approfittane ora 😎",21/07/2025,,Reel,https://www.instagram.com/reel/DIGeuWhI8nQ/?igsh=cTg2MG9iZTE1bGJy,,"Facebook, Instagram, TikTok, Youtube",,✅ Pubblicato,Trend
NEOGELA: Quanti errori farai oggi?,Neogela,,,,,,,Reel,https://www.instagram.com/p/DHgKIlgM6cv/,,"Facebook, Instagram, TikTok, Youtube",,Spostato in Notion MUVI Lab,Trend
NEOGELA: Preparazione di un pacco,Neogela,,,,,,15/05/2026,Reel,https://www.instagram.com/p/DBOAa9GAJNY/?igsh=cDRjZnVra2ZzcWN2,,"Facebook, Instagram, TikTok, Youtube",,🎥 Da registrare,Trend
NEOGELA: Va bene,Neogela,,,,,,,Reel,https://www.instagram.com/reel/DHlSbYotUaW/?igsh=YWhjN2hpYTUwemh0,,"Facebook, Instagram, TikTok, Youtube",,💡 Idea,Trend
NEOGELA: Quando ti rendi conto che…,Neogela,,,,,,,Reel,https://www.instagram.com/reel/DHbFR6dNRyT/?igsh=bHJmZmlqdzl2ZDFh,,"Facebook, Instagram, TikTok, Youtube",,💡 Idea,Trend
NEOGELA: Foglio strappato (per una PROMO),Neogela,,,Bustine in omaggio,"È di approfittarne: da oggi più acquisti, più bustine di collagene in omaggio ricevi! 🤩🤩

È attiva la promo estiva: con una spesa minima di €50 ricevi le comode bustine di collagene da 5g da portare in viaggio! E più spendi, più te ne regaliamo.  
Ma non è finita qui: avrai anche un super gadget estivo. 

Corri nel nostro shop ed effettua il tuo ordine per ottenere la tua dose di collagene estiva in regalo 💯
⏲️ Offerta valida fino al 24/07",14/07/2025,,Reel,https://www.instagram.com/reel/DHyl0u0Ak-Y/?igsh=MXRhYm9vc25zbWR3cg==,,"Facebook, Instagram, TikTok, Youtube",,✅ Pubblicato,Trend
NEOGELA: Scatola lanciata,Neogela,,,,,,,Reel,https://www.instagram.com/reel/DE6GsOhyT_P/?igsh=ZHF5emd3cWIwZm84,,"Facebook, Instagram, TikTok, Youtube",,💡 Idea,Trend
NEOGELA: Scegli uno dei biglietti,Neogela,,,,,,29/01/2026,Reel,https://www.instagram.com/reel/DH8zpT_gyU0/?igsh=NnN6NGhxbjR5NGJ1,,"Facebook, Instagram, TikTok, Youtube",,Spostato in Notion MUVI Lab,Trend
LYNUP: gorilla che lancia acqua,,,,Schermata finale dove bevo e c’è la frase,"Per non dimenticare mai la propria dose giornaliera di vitamine e minerali per le ossa 💪

➡️ Un bicchiere d’acqua
➡️ Dopo il pranzo

Le tue ossa ti ringrazieranno 😉",22/12/2025,16/10/2025,Reel,https://www.instagram.com/reel/DBydW31uyJ6/?igsh=eWwwY2xld3Rrano4,,"Facebook, Instagram, TikTok, Youtube",,🗓️ Programmato,Trend
NEOGELA: meet the team,Neogela,,,Conosci il team,"Dietro Neogela, ci siamo noi 😉
Piacere di conoscerti!",05/09/2025,,Reel,https://www.instagram.com/reel/DHGhUmRBepo/?igsh=d2ZmN3RiMGJnMDBx,,"Facebook, Instagram, TikTok, Youtube",,✅ Pubblicato,Trend
LYNUP: moto che cade,,,,,,,,Reel,https://www.instagram.com/reel/DHQkv6wOQAr/?igsh=MWw3MnNxb2loNm41MA==,,"Facebook, Instagram, TikTok, Youtube",,💡 Idea,Trend
LYNUP: blow on your screen,,,,Lynup è in promozione,"Una promo fresca fresca ti aspetta sul nostro shop online: ulteriori sconti attivi e in regalo un comodo ventaglio richiudibile 🤩

Corri sul sito a scoprire le offerte ☀️",23/07/2025,,Reel,https://www.instagram.com/reel/DEsIYxso9i3/?igsh=MTM0MXZqdncxcXIxbA==,,"Facebook, Instagram, TikTok, Youtube",,✅ Pubblicato,Trend
NEOGELA: cofano macchina,Neogela,,,,,,,Reel,https://www.instagram.com/reel/DDNuiUFxxlq/?igsh=ZWlkZXgwMnNybzl1,,"Facebook, Instagram, TikTok, Youtube",,💡 Idea,Trend
LYNUP: carillon (per PROMO),,,,La promo estiva è iniziata (schermata video),"La promo estiva è iniziata!

Ulteriori sconti attivi online e un super gadget estivo in regalo. 
Cosa aspetti? Corri sul sito prima che il carillon smetta di suonare 😜

⚠️ Offerta valida fino al 27/07",16/07/2025,,Reel,https://www.instagram.com/reel/DF_A8FIRJa4/?igsh=enJhZTR4YXBmcjIy,,"Facebook, Instagram, TikTok, Youtube",,✅ Pubblicato,Trend
NEOGELA: Where is the team,Neogela,,,,,,,Reel,https://www.instagram.com/reel/DCoYaZfzv5Q/?igsh=aWs5Mmt6c2xrNHBm,,"Facebook, Instagram, TikTok, Youtube",,💡 Idea,Trend
LYNUP: 3 cose che ti faranno innamorare di Lynup,,,,"3 motivi per scegliere Lynup ","✅ Semplicità
✅ Logica scientifica
✅Costanza

Ecco perché Lynup è il giusto alleato della tua salute ossea 💜",04/08/2025,,Reel,,,"Facebook, Instagram, TikTok",,🗓️ Programmato,Differenziazione
LYNUP: kit di salute per l’estate,,,,Il tuo kit di salute per l’estate,"Sei sicura di aver preso tutto quello che serve per affrontare al meglio la tua estate? 😎
Spesso ci ricordiamo di proteggere la nostra pelle e i nostri capelli, ma ci dimentichiamo delle ossa. 

Perciò ecco la tua checklist per la borsa mare:
✅ crema solare
✅ olio e maschera per i capelli
✅ occhiali da sole
✅ telo mare
✅ LYNUP 

1 capsula al giorno e proteggi le tue ossa, anche in estate! ☀️",21/07/2025,,Reel,,,"Facebook, Instagram, TikTok",,✅ Pubblicato,Differenziazione
NEOGELA: 3 consigli di integrazione di collagene per la tua estate,Neogela,,,3 consigli per integrare il collagene in estate,"Stai pensando di rimandare l’assunzione di collagene a settembre? Non farlo!
Ecco 3 consigli per integrare Neogela al meglio, anche nei mesi caldi 😎",25/07/2025,,Reel,,,"Facebook, Instagram, TikTok, Youtube",,✅ Pubblicato,Consigli
NEOGELA: giornata internazionale del bacio - qualcuno bacia Neogela,Neogela,,,,,06/07/2025,,Storia,,,"Facebook, Instagram, TikTok, Youtube",,🏝️ Grafica da preparare,
"NEOGELA: carosello dosaggio collagene ",Neogela,,,-,Sai quanto collagene devi assumere al giorno? Scorri e trova il dosaggio adatto a te 😉,11/07/2025,,Carosello,,,"Facebook, Instagram, TikTok, Youtube",,🗓️ Programmato,Differenziazione
NEOGELA: PROMO,Neogela,,,,,16/07/2025,,Storia,,,"Facebook, Instagram, TikTok, Youtube",,✅ Pubblicato,
NEOGELA: PROMO,Neogela,,,,,15/07/2025,,Storia,,,"Facebook, Instagram, TikTok, Youtube",,✅ Pubblicato,
LYNUP: domani parte la promo estiva,,,,,,15/07/2025,,Storia,,,"Facebook, Instagram, TikTok, Youtube",,✅ Pubblicato,
LYNUP: Scarica contenuto informativo / Fai questo quiz (per Lead Generation Pre Promo estiva),,,,,,,,Reel,,,"Facebook, Instagram, TikTok",,✅ Pubblicato,ADS
"LYNUP: vitamina D per salvare le ossa in menopausa, è sufficiente?",,,,La vitamina D non è sufficiente,"Ti hanno prescritto la vitamina D? Non è così che salverai le tue ossa, perché da sola non è sufficiente. ❌

Per mantenere il tuo scheletro in salute serve una combinazione di vitamine e minerali da abbinare alla vitamina D: scopri quali in questo video e segui la pagina per altri consigli 💜",21/08/2025,,Reel,,,"Facebook, Instagram, TikTok",,✅ Pubblicato,Informativo
LYNUP: se non vedi il numero,,,,schermata,Mi sa che è ora di fare qualcosa per la tua salute ossea 😉,25/08/2025,,Reel,https://www.instagram.com/p/Cn7gXreshE8/?igsh=MW1zcjQ1bHppamc3YQ%3D%3D,,"Facebook, Instagram, TikTok, Youtube",,✅ Pubblicato,Trend
NEOGELA: Presentazione progetto “Alla tua salute ci pensa Neogela” - cerchiamo candidati,Neogela,,,,,,,Reel,,,"Facebook, Instagram, TikTok, Youtube",,Spostato in Notion MUVI Lab,ADS
NEOGELA: Quanto conta la composizione aminoacidica,Neogela,,,,,,,Reel,,,"Facebook, Instagram, TikTok, Youtube",,Spostato in Notion MUVI Lab,Differenziazione
NEOGELA: il magazzino si riempie,Neogela,,,,,,27/10/2025,Reel,,,"Facebook, Instagram, TikTok, Youtube",,Spostato in Notion MUVI Lab,Trend
LYNUP: sono scarica e poi prendo Lynup e il mondo diventa a colori,,,,Schermata “il mio integratore per ossa e articolazioni più forti”,Basta 1 capsula per ritrovare la carica di cui le mie ossa hanno bisogno 💪,18/08/2025,,Reel,,,"Facebook, Instagram, TikTok",,✅ Pubblicato,Trend
LYNUP: 3 abitudini per prevenire l’osteoporosi,,,,3 abitudini per prevenire l’osteoporosi,"Queste 3 abitudini ti aiuteranno a prevenire la fragilità ossea
✅ Alimentazione ricca e varia
✅ Attività fisica costante con esercizi resistenza e carico
❌ No a fumo e alcol

Forse non lo sapevi ma anche le ossa, come tutti gli altri tessuti, invecchiano. Invecchiare per le ossa vuol dire perdere materia e diventare più fragili, con il rischio di fratturarsi più facilmente. 

Ecco perché adottare dei comportamenti preventivi sin dalla giovane età è un’ottima pratica per evitare futuri problemi di osteoporosi. 

E tu? Hai già messo in pratica questi consigli? Faccelo sapere nei commenti 💬",18/09/2025,,Reel,,,"Facebook, Instagram, TikTok",,✅ Pubblicato,Consigli
NEOGELA: bambino che piange e non riesce a spiegare,Neogela,,,,,,,Reel,https://www.youtube.com/shorts/QtuT8zwgVfQ,,"Facebook, Instagram, TikTok, Youtube",,💡 Idea,Trend
"NEOGELA: recensione ",Neogela,,,,,25/06/2025,,Storia,,,"Facebook, Instagram, TikTok, Youtube",,✅ Pubblicato,
NEOGELA: avviso diretta,Neogela,,,,,03/07/2025,,Storia,,,"Facebook, Instagram, TikTok, Youtube",,✅ Pubblicato,
NEOGELA: avviso diretta,Neogela,,,,,30/06/2025,,Storia,,,"Facebook, Instagram, TikTok, Youtube",,✅ Pubblicato,
NEOGELA: avviso diretta (1),Neogela,,,,,02/07/2025,,Storia,,,"Facebook, Instagram, TikTok, Youtube",,✅ Pubblicato,
LYNUP: gioco del tris,,,,screen schermata video con frase,Per vincere basta mettere in campo i giusti nutrienti ✅,30/07/2025,,Reel,,,"Facebook, Instagram, TikTok",,✅ Pubblicato,Trend
LYNUP: messaggio nel sacchetto,,,,schermata “Perché iniziare oggi”,"Le tue ossa potrebbero essere in difficoltà senza che tu lo sappia. 

➡️ Se sei in menopausa
➡️ Hai uno stile di vita sedentario 
➡️ La tua dieta non è equilibrata
➡️ Hai avuto casi di osteoporosi in famiglia
➡️ Sei in gravidanza o allattamento

Le tue ossa hanno bisogno delle giuste vitamine e minerali: con 1 capsula di Lynup al giorno puoi aiutarle in modo semplice ed essenziale. 💜",06/08/2025,,Reel,,,"Facebook, Instagram, TikTok",,🗓️ Programmato,Trend
LYNUP: prendi le capsule (da pubblicare a mano con adesivo),,,,Catture le capsule,Usa le manine e prendine più che puoi 👐,09/07/2025,,Reel,,,"Facebook, Instagram, TikTok",,✅ Pubblicato,Trend
NEOGELA: premi per comporre la scatola più velocemente,Neogela,,,Aiutaci a preparare la tua scatola,Abbiamo bisogno di te 😄,07/07/2025,,Reel,,,"Facebook, Instagram, TikTok, Youtube",,✅ Pubblicato,Trend
"NEOGELA: in     ",Neogela,,,,"Conserva Neogela nella tua dispensa: in un luogo asciutto e lontano da fonti dirette di calore. Non è necessario metterlo in frigo, vicino al caffè andrà benissimo. 
Una volta aperta la confezione, consuma il contenuto entro 12 mesi. ",11/08/2025,,Carosello,,,"Facebook, Instagram, TikTok, Youtube",,✅ Pubblicato,Consigli
LYNUP: scorri per riempire la capsula di tutti i nutrienti essenziali per le tue ossa,,,,,scorri per riempire la capsula e scopri tutti i nutrienti essenziali per le tue ossa🦴,11/08/2025,,Carosello,,,"Facebook, Instagram, TikTok, Youtube",,🗓️ Programmato,Differenziazione
"NEOGELA: Intervista partecipante progetto ",Neogela,,,,,,,Reel,,,"Facebook, Instagram, TikTok, Youtube",,💡 Idea,Intervista
NEOGELA: intervista cliente Neogela,Neogela,,,,,,,Reel,,,"Facebook, Instagram, TikTok, Youtube",,💡 Idea,Intervista
"NEOGELA: 4 prodotti Neogela ",Neogela,,,,,10/11/2025,,Reel,https://www.instagram.com/p/DJGvo6XgwuS/,,"Facebook, Instagram, TikTok, Youtube",,🗓️ Programmato,Trend
NEOGELA: 0 problemi,Neogela,,,,,,05/12/2025,Reel,https://www.instagram.com/p/DK-HBbnRD1X/,,"Facebook, Instagram, TikTok, Youtube",,Spostato in Notion MUVI Lab,Trend
LYNUP: metti le dita qui,,,,,,,17/11/2025,Reel,https://www.instagram.com/p/DEm6pwGy2Nf/,,"Facebook, Instagram, TikTok",,💡 Idea,Trend
NEOGELA: la coppia perfetta,Neogela,,,schermata completa con le scritte,"Non c’è accoppiata migliore per la salute delle tue ossa 😉
Scopri la promo attiva online fino al 28 ottobre (link in bio 🔥)",22/10/2025,15/09/2025,Reel,https://www.instagram.com/p/DJOVnmSACg4/,,"Facebook, Instagram, TikTok, Youtube",,🗓️ Programmato,Trend
NEOGELA: prepariamo i pacchi,Neogela,,,Prepariamo i vostri ordini,Vi siete mai chiesti cosa accade dietro le quinte una volta inviato il vostro ordine Neogela? 👀,15/09/2025,,Reel,https://www.instagram.com/p/DIxKdWBtoVb/,,"Facebook, Instagram, TikTok, Youtube",,✅ Pubblicato,Trend
LYNUP: buco nel foglio (collegato a promo),,,,"Promo per il mese dell’Osteoporosi 
-20% + spedizione gratuita","Celebriamo il mese dell’Osteoporosi con un’offerta speciale: Lynup è ulteriormente scontato del 20% e la spedizione è gratuita! 🤩

Comincia oggi a proteggere le tue ossa: corri sul sito e scopri la promo 👉 www.mylynup.com",08/10/2025,15/09/2025,Reel,https://www.instagram.com/p/DEc6eGYCFRG/,,"Facebook, Instagram, TikTok",,✅ Pubblicato,Trend
LYNUP: emoticon,,,,"Perché scegliere Lynup ","✅ Ti aiuta a integrare i micronutrienti essenziali per le tue ossa
✅ Supporta il tuo metabolismo osseo completando la tua dieta
✅ Riduce il rischio di fragilità ossea e problemi articolari

Lynup è naturale e contiene solo ingredienti di origine vegetale. 

Basta un semplice gesto quotidiano per proteggere le tue ossa 💜",08/09/2025,,Reel,https://www.instagram.com/p/DJQ3gmgslrq/,,"Facebook, Instagram, TikTok",,✅ Pubblicato,Trend
LYNUP: jackpot,,,,,,,,Reel,https://www.instagram.com/p/DGiL4KoSkQs/,,"Facebook, Instagram, TikTok",,💡 Idea,Trend
LYNUP: barattolo stappato,,,,,,,,Reel,https://www.instagram.com/p/DIbsZybsV7m/,,"Facebook, Instagram, TikTok",,💡 Idea,Trend
"LYNUP: la tua giornata per ossa forti ",,,,,,,,Reel,,,"Facebook, Instagram, TikTok",,💡 Idea,Consigli
LYNUP: 5 falsi miti sulla salute ossea,,,,5 falsi miti sulla salute ossea,"Ecco 5 falsi miti sulla salute ossea 🦴

❌ Più calcio assumi, più saranno forti le tue ossa - Non è solo una questione di calcio, assumere tanto calcio non serve a nulla se poi questo non viene assorbito correttamente e non si fissa nella ossa. È una questione di equilibrio tra i giusti micronutrienti. 
❌ Basta la vitamina D per salvare le tue ossa - La vitamina D aiuta ad assorbire il calcio, ma se non si combina l’azione della vitamina K2 che aiuta a fissarlo nella ossa potrebbe andare disperso. Inoltre è importante nutrire anche la parte interna dell’osso con la giusta integrazione proteica!
❌ L’osteoporosi colpisce solo gli anziani - L’osteoporosi è collegata a diversi fattori: familiarità, assunzione di particolari farmaci, abitudini di vita scorrette… Anche soggetti giovani possono sviluppare fragilità ossea. 
❌ Se mangio bene, gli integratori non mi servono - Mangiare bene può non essere sufficiente se non si mangiano i giusti cibi e talvolta può essere difficile con la sola dieta soddisfare l’aumentato fabbisogno di nutrienti tipico dell’osteoporosi. Inoltre alcuni nutrienti non sono così facili da reperire nei cibi!
❌ Basta camminare per contrastare l’osteoporosi - La camminata è sicuramente una buona abitudine, ma ciò che più aiuta l’aumento della massa ossea è l’applicazione di carichi. Ovviamente adattati alla condizione della persona su consiglio di uno specialista. 

E tu? Conoscevi questi 5 falsi miti? 🤔",11/09/2025,,Reel,,,"Facebook, Instagram, TikTok",,✅ Pubblicato,Falso mito
LYNUP: falso mito sul calcio,,,,"Falso mito sul calcio ","Più calcio assumi, più le tue ossa diventano forti ❌

Questo è uno dei grandi falsi miti sulla salute ossea, perché la questione non è solo assumere calcio ma soprattutto
➡️ quanto ne assumi (la giusta dose è importante)
➡️ quanto ne assimili 
➡️ e quanto si deposita dove è necessario 

E per far funzionare il processo al completo non basta consumare latticini. 
Servono altri nutrienti come magnesio, silicio e vitamina K2 pronti a lavorare per favorire un corretto assorbimento e una corretta deposizione, evitando problemi ai tessuti molli. 💪

E tu lo sapevi? Seguici per scoprire come ottenere davvero risultati per la tua salute ossea 💜",19/12/2025,,Reel,,,"Facebook, Instagram, TikTok",,🗓️ Programmato,Falso mito
LYNUP: falso mito sulla vitamina D,,,,Falso mito sulla vitamina D,"Vitamina D e hai salvato le tue ossa ❌
Ecco il primo grande falso mito su questa vitamina. 

Tutti sanno che la vitamina D fa bene alle ossa. 
Qualcuno conosce anche il suo ruolo specifico e sa che la vitamina D serve per assorbire il calcio. 

Pochissimi sanno però che questo non basta. 🤔
Non basta perché se il calcio non va poi a finire nel posto giusto, rischia di accumularsi dove non dovrebbe. 

Ecco perché un’integrazione completa che sia davvero utile alle tue ossa non dovrebbe prevedere solo la vitamina D. E tu lo sapevi? 

Scrivilo nei commenti 🗨️",23/10/2025,,Reel,,,"Facebook, Instagram, TikTok",,🗓️ Programmato,Falso mito
LYNUP: i sintomi più comuni della menopausa,,,,,,,,Reel,,,"Facebook, Instagram, TikTok",,💻 Da montare,Informativo
LYNUP: come posso accorgermi di avere l’osteoporosi?,,,,Come scoprire l’osteoporosi in tempo,"“La malattia silenziosa”, così viene chiamata l’osteoporosi. 

La perdita di massa ossea non dà sintomi evidenti, fino a che non appaiono dolori cronici o ci si frattura in seguito a banali gesti quotidiani. 
È per questo che l’osteoporosi viene scoperta in moltissimi casi troppo tardi, quando lo stadio è già avanzato. 

La prevenzione è fondamentale: controllare la propria salute ossea con un esame specifico chiamato MOC, è fondamentale per accorgersi dell’osteoporosi prima che sia troppo tardi. 

Quando farla? 
➡️ Se sei in menopausa
➡️ Se hai casi osteoporosi in famiglia
➡️ Se hai malattie croniche e/o assumi farmaci come cortisonici o tiroidei
➡️ Se hai avuto una frattura inaspettata

E tu? Hai mai fatto la MOC? Chiedi al tuo medico se è il momento di farla!",09/10/2025,29/08/2025,Reel,,,"Facebook, Instagram, TikTok",,✅ Pubblicato,Domande dal blog
LYNUP: chi sono i soggetti a rischio fragilità ossea?,,,,"Chi è più a rischio fragilità ossea? ","➡️ Donne in menopausa
➡️ Persone che hanno casi di osteoporosi in famiglia
➡️ Persone che assumono specifici farmaci per lunghi periodi

➡️ Ma anche giovani dopo i 30 anni con uno stile di vita scorretto

Ecco i soggetti più a rischio fragilità ossea. 
Se fai parte di una di queste categorie e vuoi sapere come proteggerti, segui la pagina 💜",14/08/2025,,Reel,,,"Facebook, Instagram, TikTok",,✅ Pubblicato,Informativo
LYNUP: il ciclo di vita delle ossa,,,,Il ciclo di vita delle ossa,"C’è un momento in cui le tue ossa formano tessuto a tutta velocità ma arriva anche la fase in cui questa formazione rallenta per lasciare spazio alla perdita di massa ossea. 

Adottare delle buone abitudini quotidiane e integrare i giusti nutrienti può aiutarti a rallentare questa perdita e preservare la tua salute ossea. 

E tu? Ti prendi cura delle tue ossa? Scrivilo nei commenti e segui il canale per non perderti i nostri consigli di salute 💜",04/09/2025,,Reel,,,"Facebook, Instagram, TikTok",,✅ Pubblicato,Informativo
LYNUP: dove posso trovare il vostro prodotto,,,,,,,29/08/2025,Reel,,,"Facebook, Instagram, TikTok",,💻 Da montare,Domande dal blog
LYNUP: domanda sul prodotto,,,,"Quale tra i seguenti ingredienti aiuta a fissare il calcio nelle ossa? (potrebbe essere una rubrica “Chi vuol essere sano”)  ","Se segui la nostra pagina, saprai rispondere a questa domanda 😉
E se non hai saputo la risposta, è il momento di seguirci 😎",29/09/2025,15/09/2025,Reel,https://www.instagram.com/reel/DLXI-prp5fL/?id=3663436311624652747_9261751706&fbclid=IwY2xjawLUqABleHRuA2FlbQIxMQBicmlkETFPVTBneXl4MlFPNEtRM0c4AR4XhZLkR3lWCasS_-17AWyxCUM04vy9gCOVzSdUdLnyOdziTA1tFfzUlS5WZw_aem__454yZ5EImw7ntatcB2iVg,,"Facebook, Instagram, TikTok",,✅ Pubblicato,Trend
LYNUP: piramide di blocchi,,,,,,,,Reel,https://www.instagram.com/reel/DFgjRwUO1qP/?id=3557998857360726671_64765967749&fbclid=IwY2xjawLUqEhleHRuA2FlbQIxMQBicmlkETFPVTBneXl4MlFPNEtRM0c4AR7u8cVzu1XXSKmVOT7isFgzkX8FkwtSSDfLXjU04jRhdO8N-CKpDGyrQjHiiw_aem_sM9svjXRvC6pWNWoojK_cQ,,"Facebook, Instagram, TikTok",,💡 Idea,Trend
LYNUP: chi siamo?,,,,,,14/07/2025,,Storia,,,"Facebook, Instagram, TikTok, Youtube",,✅ Pubblicato,
"Lynup: Il nostro prodotto ",,,,,,20/08/2025,,Storia,,,"Facebook, Instagram, TikTok, Youtube",,✅ Pubblicato,
LYNUP : recensioni,,,,,,29/07/2025,,Storia,,,"Facebook, Instagram, TikTok, Youtube",,✅ Pubblicato,
LYNUP : Domande frequeni,,,,,,13/08/2025,,Storia,,,"Facebook, Instagram, TikTok, Youtube",,✅ Pubblicato,
LYNUP: barattolo con caratteristiche e ingredienti,,,,schermata completa,"Cos’è Lynup? 
La formula di vitamine e minerali essenziali per la tua salute ossea e articolare. 
✅ 100% naturale
✅ con ingredienti di origine vegetale
✅ senza additivi",19/08/2025,,Reel,,,"Facebook, Instagram, TikTok",,✅ Pubblicato,Trend
"NEOGELA: unboxing ASMR packaging ",Neogela,,,,,,27/10/2025,Reel,,,"Facebook, Instagram, TikTok, Youtube",,Spostato in Notion MUVI Lab,ADS
"LYNUP: secondo falso mito sulla vitamina D ",,,,,,,16/10/2025,Reel,,,"Facebook, Instagram, TikTok",,💻 Da montare,Falso mito
NEOGELA: CHI SIAMO,Neogela,,,,,28/07/2025,,Storia,,,"Facebook, Instagram, TikTok, Youtube",,✅ Pubblicato,
NEOGELA: I NOSTRI PRODOTTI,Neogela,,,,,04/08/2025,,Storia,,,"Facebook, Instagram, TikTok, Youtube",,✅ Pubblicato,
NEOGELA: DOMANDE FREQUENTI,Neogela,,,,,20/08/2025,,Storia,,,"Facebook, Instagram, TikTok, Youtube",,✅ Pubblicato,
NEOGELA: CONSULENZA,Neogela,,,,,27/08/2025,,Storia,,,"Facebook, Instagram, TikTok, Youtube",,✅ Pubblicato,
NEOGELA: RECENSIONI,Neogela,,,,,13/08/2025,,Storia,,,"Facebook, Instagram, TikTok, Youtube",,✅ Pubblicato,
LYNUP:  Lynup può aiutarti se,,,,-,Scorri e scopri se Lynup può aiutare anche le tue ossa 😉,15/09/2025,,Carosello,,,"Facebook, Instagram, TikTok, Youtube",,✅ Pubblicato,Differenziazione
NEOGELA: Reel 1 da video YouTube Osteoporosi Maschile,Neogela,,,"Osteoporosi maschile (magari facciamo un format di copertina un po’ diverso per questi video estratti da quelli youtube, anche un format con copertina chiara)","L’osteoporosi maschile è una forma più rara ma non per questo da sottovalutare. 
Il Dottor Zeggio ci racconta quali sono i fattori che possono dare origine a questa patologia nell’uomo 🩺

👉 Video completo sul canale YouTube Neogela",05/08/2025,,Reel,,,"Facebook, Instagram, TikTok, Youtube",,✅ Pubblicato,Informativo
NEOGELA: Reel 2 da video YouTube Osteoporosi Maschile,Neogela,,,,,,,Reel,,,"Facebook, Instagram, TikTok, Youtube",,Spostato in Notion MUVI Lab,Informativo
LYNUP: quali vitamine e minerali servono alle ossa?,,,,schermata con la domanda iniziale,"Ecco le 5 vitamine e minerali che servono davvero alle tue ossa: 
Vitamina C
Vitamina K2
Calcio
Magnesio
Silicio

E le trovi tutte dentro Lynup 😉",13/10/2025,15/09/2025,Reel,,,"Facebook, Instagram, TikTok",,✅ Pubblicato,Trend
LYNUP: ruota della fortuna,,,,,,,,Reel,,,"Facebook, Instagram, TikTok",,💡 Idea,Trend
LYNUP: telecomando,,,,Accendi la tua salute ossea (con immagine telecomando sotto),Vuoi mantenere in salute le tue ossa e articolazioni? Scegli il canale (e l’integratore) giusto 👀,01/09/2025,,Reel,https://www.instagram.com/reel/DH-zjBaNjTg/?igsh=and1NDJqdnM4MWNq,,"Facebook, Instagram, TikTok",,✅ Pubblicato,Trend
"LYNUP: lunedì, martedì, mercoledì",,,,schermata con prodotto e frase finale,Ormai è una routine quotidiana 😉,22/09/2025,,Reel,https://www.instagram.com/reel/DI8rTTiyZFk/?igsh=Z2QxMTVmaWtib3Nv,,"Facebook, Instagram, TikTok",,✅ Pubblicato,Trend
"LYNUP: 5 note telefono ",,,,schermata completa,"Conosci già i benefici che può darti Lynup? 🧐
Ecco cosa puoi ottenere ogni giorno grazie al suo mix di vitamine e minerali 

✅ Favorisci il corretto metabolismo osseo
✅ Supporti ossa e articolazioni
✅ Completi la tua dieta
✅ Integri con un semplice gesto
✅ Non appesantisci l’organismo",27/10/2025,,Reel,https://www.instagram.com/reel/DHTcSQKS2RY/?igsh=MW9rZ3BtdHIxbHc3NQ==,,"Facebook, Instagram, TikTok",,🗓️ Programmato,Trend
LYNUP: crucipuzzle,,,,schermata iniziale,Giochiamo insieme: sei riuscito a trovare tutti gli ingredienti? 😁,17/11/2025,,Reel,,,"Facebook, Instagram, TikTok",,🗓️ Programmato,Trend
LYNUP: Bottiglietta,,,,,,,,Reel,https://www.instagram.com/p/DG4uWPROKYS/,,"Facebook, Instagram, TikTok, Youtube",,💡 Idea,Trend
Messaggio magico,,,,,,,,Reel,https://www.instagram.com/p/DIS36WPTEbd/,,"Facebook, Instagram, TikTok, Youtube",,💡 Idea,Trend
LYNUP: Scompare in ufficio - Promo Black Friday,,,,Schermata finale e aggiungiamo il titolo “Offerta Black Friday”,"Un’offerta così potrebbe farti sentire male 😵

Corri sul sito Lynup: è finalmente arrivata l’offerta Black Friday. 
Acquista 2 confezioni e usa il codice 50BF2: otterrai la seconda confezione a metà prezzo 🤩 ma solo fino al 1 dicembre!

Cosa aspetti? Il tuo mix di vitamine e minerali per le ossa è pronto per farsi acchiappare 🏃

Link in bio 🔗",28/11/2025,16/10/2025,Reel,https://www.instagram.com/p/DMPQ4czJ1gM/,,"Facebook, Instagram, TikTok, Youtube",,🗓️ Programmato,Trend
LYNUP: errori alimentari più comuni in menopausa,,,magi.silvana,Gli errori alimentari più comuni in menopausa,"Sei in menopausa? Non fare questi errori alimentari ❌

La Dott.ssa @magi.silvana, biologa nutrizionista, ci parla dei più frequenti errori alimentari in menopausa e delle ripercussioni che possono determinare non solo sul fisico, ma anche sull’umore!

Se ti riconosci in uno di questi comportamenti, segnati i consigli della dottoressa e segui la pagina 😉",02/10/2025,29/08/2025,Reel,,,"Facebook, Instagram, TikTok",,✅ Pubblicato,Intervista
LYNUP: come ridurre l’infiammazione in menopausa,,,@magi.silvana,Come ridurre l’infiammazione in menopausa,"Sapevi che la menopausa rende l’organismo più vulnerabile ed esposto a stati infiammatori? 🤒

Spesso pensiamo che dolori articolari e stanchezza siano semplici sintomi dovuti all’avanzare del tempo. E se invece si trattasse di infiammazione sistemica legata alla menopausa?

La dottoressa @magi.silvana ci illustra 4 tecniche da poter adottare ogni giorno per ridurre lo stato infiammatorio ed alleviare i sintomi che ne derivano: 

✅ Ridurre zuccheri raffinati e alimenti ultra-processati
✅ Consumare alimenti ricchi di omega 3
✅ Assumere frutta e verdura di stagione
✅ Assicurare il corretto apporto di vitamina D e magnesio

Vuoi capire come gestire i sintomi della menopausa grazie ad uno stile di vita alimentare adatto? Salva questo video e segui la pagina per altri consigli 💜",13/11/2025,29/08/2025,Reel,,,"Facebook, Instagram, TikTok",,🗓️ Programmato,Consigli
LYNUP: esempio di pasto bilanciato e salutare per le ossa,,,@magi.silvana,Pasto completo e bilanciato per le tue ossa,"Vuoi un esempio di pasto bilanciato e salutare per le tue ossa? 🥗

La Dottoressa @magi.silvana, biologa nutrizionista, ci insegna una ricetta gustosa e completa da inserire nella propria dieta per prendersi cura delle proprie ossa anche a tavola: 
➡️trancio di salmone al forno o legumi 
➡️ contorno di cime di rapa o rucola
➡️ una porzione di patate dolci o quinoa
➡️ semi di sesamo o parmigiano per condire
➡️ acqua con succo di limone o una mela a fine pasto

Salva il video e provala anche tu 😋",16/10/2025,29/08/2025,Reel,,,"Facebook, Instagram, TikTok",,✅ Pubblicato,Consigli
LYNUP: quanto calcio assumere ogni giorno e da quali fonti,,,@magi.silvana,Quanto calcio assumere ogni giorno?,"Quanto calcio dovrei assumere ogni giorno? 🤔
Il fabbisogno può variare in base alla fase della vita o alla presenza di particolari condizioni.

La Dott.ssa @magi.silvana, biologa nutrizionista, ci aiuta a capire come cambia il fabbisogno di calcio e quali sono le fonti da cui possiamo ricavarne ogni giorno una buona dose. 🥦

Non sai da dove partire? Comincia a prestare attenzione a ciò che consumi abitualmente. 
E se ti serve aiuto per capire se necessiti di integrare una dose aggiuntiva di calcio, un consulto nutrizionale può fare al caso tuo 😉",09/12/2025,29/08/2025,Reel,,,"Facebook, Instagram, TikTok",,🗓️ Programmato,Informativo
LYNUP: 5 consigli alimentari per la menopausa,,,,,,,29/08/2025,Reel,,,"Facebook, Instagram, TikTok",,💻 Da montare,Consigli
NEOGELA: il ruolo del cortisolo sulla salute ossea e alimenti che aiutano a regolare i suoi livelli,Neogela,,,,,,29/08/2025,Reel,,,"Facebook, Instagram, TikTok, Youtube",,Spostato in Notion MUVI Lab,Informativo
NEOGELA: che differenza c’è tra il collagene e le comuni proteine che assumiamo con la dieta,Neogela,,,,,,29/08/2025,Reel,,,"Facebook, Instagram, TikTok, Youtube",,Spostato in Notion MUVI Lab,Informativo
NEOGELA: latticini in osteoporosi: sì o no?,Neogela,,,,,19/11/2025,29/08/2025,Reel,,,"Facebook, Instagram, TikTok, Youtube",,✅ Pubblicato,Domande dal blog
NEOGELA: il ruolo del nutrizionista nella gestione dell’osteoporosi,Neogela,,magi.silvana,Osteoporosi: come può aiutarti il nutrizionista,"Hai idea di quante strategie alimentari possono aiutarti concretamente a combattere l’osteoporosi ogni giorno? 
È per questo che la figura del nutrizionista può fare la differenza in un percorso di trattamento completo aiutandoti a scegliere i giusti alimenti e non solo!

La Dottoressa @magi.silvana, Biologa nutrizionista, ci svela tutti i comportamenti che una figura specializzata può aiutarti ad affinare. 

E tu? Segui un piano alimentare ben costruito? 

Se non sai da dove partire, seguici 💙 
Parliamo di come migliorare la salute ossea naturalmente, giorno dopo giorno. ",06/10/2025,29/08/2025,Reel,,,"Facebook, Instagram, TikTok, Youtube",,✅ Pubblicato,Informativo
NEOGELA: errori alimentari che possono portare all’osteoporosi,Neogela,,,,,,29/08/2025,Reel,,,"Facebook, Instagram, TikTok, Youtube",,Spostato in Notion MUVI Lab,Informativo
NEOGELA: 5 abitudini alimentari sì o no,Neogela,,,,,,29/08/2025,Reel,https://www.instagram.com/p/DGieBQvMpkU/,,"Facebook, Instagram, TikTok, Youtube",,Spostato in Notion MUVI Lab,Informativo
LYNUP: video sensibilizzazione osteoporosi (da pubblicare ad Ottobre per la Giornata Mondiale dell’Osteoporosi),,,,"Giornata Mondiale dell’Osteoporosi
Proteggi le tue ossa","È una malattia che non fa rumore. 
Fino a quando non avviene una frattura. 
E solo quando ci si frattura si scopre che l’osteoporosi era lì già da tempo. 

Eppure non è così che dovrebbe essere. Dovremmo sapere come proteggere le nostre ossa sin dalla giovane età. 🤝

✅ Alimentazione corretta, attività fisica adeguata e integrazione dei giusti nutrienti sono tutti comportamenti che possono aiutarti a prevenire e combattere la fragilità ossea. 

Controlli regolari con la MOC inoltre ti permettono di sapere regolarmente come stanno le tue ossa. 

E tu hai mai fatto una MOC? Ti prendi cura delle tue ossa ogni giorno? 🗨️
Ad Ottobre, mese dell’Osteoporosi e della prevenzione, potrebbe essere il momento giusto per cominciare 💪",20/10/2025,15/09/2025,Reel,,,"Facebook, Instagram, TikTok",,🗓️ Programmato,Informativo
NEOGELA: bustina che appare dallo schermo,Neogela,,,,,,,Reel,https://www.tiktok.com/@musemotion.studio/video/7537584133795597586,,"Facebook, Instagram, TikTok, Youtube",,💡 Idea,Trend
NEOGELA: vediamo dove ci porta il vento,Neogela,,,,,,,Reel,https://www.tiktok.com/@promowithbrandito/video/7468025446131567902,,"Facebook, Instagram, TikTok, Youtube",,💡 Idea,Trend
"NEOGELA: monday, tuesday, wednesday… ogni giorno con una bevanda diversa",Neogela,,,,,03/11/2025,15/09/2025,Reel,https://www.tiktok.com/@davssxo/video/7511756709199744278,,"Facebook, Instagram, TikTok, Youtube",,✅ Pubblicato,Trend
NEOGELA: preparo un cappuccino,Neogela,,,,,,05/12/2025,Reel,https://www.tiktok.com/@littlecitycoffeemon/video/7520417419798596894,,"Facebook, Instagram, TikTok, Youtube",,Spostato in Notion MUVI Lab,Trend
NEOGELA: polvere dal telefono,Neogela,,,,,,,Reel,https://www.tiktok.com/@nododonuts/video/7368649193054866696,,"Facebook, Instagram, TikTok, Youtube",,💡 Idea,Trend
NEOGELA: doppia intervista Giulia e Dottore - come sono arrivati ad occuparsi di osteoporosi,Neogela,,,"Perché ci occupiamo di osteoporosi da 15 anni
Giornata Mondiale dell’Osteoporosi 2025 ","Oggi celebriamo la Giornata Mondiale dell’Osteoporosi 🩺

Si stima che nel mondo oltre 200 milioni di persone soffrano di questa patologia, senza contare i casi mai diagnosticati. 
C’è ancora troppa poca informazione sull’osteoporosi e troppa confusione in chi si ritrova ad affrontarla. 

Il nostro medico referente, il Dott. Daniele Zeggio, e la nostra titolare Giulia illustrano i motivi che in oltre 15 anni ci hanno spinto a non arrenderci, prendendo a cuore questo tema e aiutando quante più persone possibile a diventare più consapevoli e migliorare la loro salute. 💪

Per noi, diffondere il sapere e condividere strumenti per il benessere è un dovere morale. 

Grazie a chi ci ha dato e continua ogni giorno a darci fiducia 💙",20/10/2025,15/09/2025,Reel,,,"Facebook, Instagram, TikTok, Youtube",,🗓️ Programmato,Aziendale
LYNUP: va assunto a cicli?,,,,"Va assunto a cicli? ","Va assunto in modo continuativo o a cicli? 🤔
Ci avete fatto spesso questa domanda è la risposta è: dipende dalla condizione di salute che affronti. 

➡️ In caso di patologie osteoarticolari, si consigliano almeno 3 cicli da 80gg all’anno. O meglio ancora un’assunzione continuativa fino al controllo successivo per valutare i risultati. 

➡️ Se assumi Lynup come prevenzione, 2 cicli all’anno di 80 giorno sono sufficienti per mantenerti in buona salute.

E tu? Stai già assumendo Lynup? Da quanto tempo? 🗨️",06/10/2025,29/08/2025,Reel,,,"Facebook, Instagram, TikTok",,✅ Pubblicato,Domande dal blog
LYNUP: la quantità di ingredienti in una capsula è sufficiente?,,,,Il quantitativo di una capsula è sufficiente?,"Il contenuto di una capsula basterà? 🤔

È la domanda legittima che in molti si fanno davanti alla scelta di un integratore.
Ma c’è qualcosa che spesso si dimentica di valutare:

⚠️ gli integratori vanno abbinati alla dieta ⚠️

Un buon integratore valuta il dosaggio tenendo conto dell’apporto dei nutrienti mediante una corretta dieta. Prendere un integratore infatti non significa “smettere di mangiare” ma dare un supporto in più all’organismo per raggiungere il proprio fabbisogno, soprattutto in caso di patologie o condizioni che richiedono un maggiore apporto di specifici nutrienti. 💪

Quando devi valutare un integratore quindi chiediti sempre: 
é stato formulato su basi scientifiche? 🩺

Se hai domande, scrivile nei commenti 💭",29/12/2025,16/10/2025,Reel,,,"Facebook, Instagram, TikTok",,✅ Pubblicato,Domande dal blog
"LYNUP: seguo una terapia farmacologica per osteoporosi, posso prendere Lynup?",,,,,,,17/11/2025,Reel,,,"Facebook, Instagram, TikTok",,💻 Da montare,Domande dal blog
LYNUP: perché in menopausa si hanno dolori articolari,,,,,,,,Reel,,,"Facebook, Instagram, TikTok",,💡 Idea,Informativo
"LYNUP: dolori articolari, quando preoccuparsi?",,,,Dolori articolari: quando preoccuparsi,"Dolori articolari? Chi non ne soffre al giorno d’oggi. 
Ma quando dobbiamo preoccuparci davvero? 🤔

Il dolore articolare può insorgere per vari motivi e a tutte le età, a volte dopo sforzi intensi o movimenti inusuali. 
Se tuttavia il dolore persiste e addirittura si presenta anche a riposo, qualcosa nel tuo corpo non sta funzionando correttamente. ❌

Potrebbe trattarsi di infiammazione cronica, usura delle cartilagini o ossa fragili: tutte condizioni che, se non trattate, sono destinate a peggiorare con il tempo. 

E tu? Soffri di dolori articolari? Condivi la tua esperienza nei commenti e seguici per ricevere pratici consigli per la tua salute articolare 🦵",24/11/2025,29/08/2025,Reel,,,"Facebook, Instagram, TikTok",,🗓️ Programmato,Informativo
LYNUP: come ridurre il dolore articolare tipico della menopausa,,,,3 consigli per ridurre i sintomi della menopausa,"È arrivata la menopausa e con lei diversi fastidiosi sintomi di cui avresti volentieri fatto a meno: dolori articolari, rigidità, stanchezza. 🤷

Il calo degli estrogeni ha una grande influenza sulla salute di ogni donna ma ciò non vuol dire che tu non possa fare nulla per migliorare la situazione. 

Ecco 3 consigli che puoi applicare ogni giorno per sentirti meglio: 
✅ muoviti regolarmente per lubrificare le articolazioni
✅ mangia in modo equilibrato per ridurre lo stato infiammatorio
✅ introduci ogni giorni i nutrienti essenziali per la tua salute ossea

Fai il primo passo: il tuo corpo ti ringrazierà 💜",02/12/2025,16/10/2025,Reel,,,"Facebook, Instagram, TikTok",,🗓️ Programmato,Consigli
LYNUP: quanto magnesio assumere in menopausa,,,,Magnesio in menopausa: ne assumi abbastanza?,"Sbalzi d’umore, insonnia, crampi muscolari, stanchezza sono sintomi tipici della menopausa… ma sapevi che possono essere accentuati da una carenza di magnesio? 🧐

Assumere la giusta quantità quotidiana di magnesio è importante per: 
✅ ridurre il senso di stanchezza
✅ favorire il riposo
✅ regolare l’umore
✅ rilassare la muscolatura
✅ mantenere in salute il tessuto osseo

Tu sai quanto magnesio assumi ogni giorno? Scrivi nei commenti se lo integri e in quale quantità 😉",03/11/2025,29/08/2025,Reel,,,"Facebook, Instagram, TikTok",,🗓️ Programmato,Domande dal blog
LYNUP: da dove derivano gli ingredienti di Lynup,,,,,,,,Reel,,,"Facebook, Instagram, TikTok",,💡 Idea,Differenziazione
LYNUP: assumo già collagene e vitamina D: posso prendere Lynup?,,,,,,,16/10/2025,Reel,,,"Facebook, Instagram, TikTok",,💻 Da montare,Domande dal blog
NEOGELA: quanto dura 1 barattolo di Neogela?,Neogela,,,,,,05/12/2025,Reel,,,"Facebook, Instagram, TikTok, Youtube",,Spostato in Notion MUVI Lab,Informativo
NEOGELA: Che acqua bere in caso di osteoporosi? (IN COLLAB),Neogela,,,,,,03/04/2026,Reel,,,"Facebook, Instagram, TikTok, Youtube",,Spostato in Notion MUVI Lab,Consigli
NEOGELA: Colazione super per le tue ossa (IN COLLAB),Neogela,,,,,,03/04/2026,Reel,,,"Facebook, Instagram, TikTok, Youtube",,Spostato in Notion MUVI Lab,Consigli
NEOGELA: Cosa possono fare 5g di collagene al giorno assunti a partire dai 30 anni?,Neogela,,,,,,29/08/2025,Reel,,,"Facebook, Instagram, TikTok, Youtube",,Spostato in Notion MUVI Lab,Informativo
NEOGELA: Come comportarsi a 20 anni per ossa forti in futuro (e tu fai queste cose),Neogela,,,,,,29/08/2025,Reel,,,"Facebook, Instagram, TikTok, Youtube",,Spostato in Notion MUVI Lab,Consigli
NEOGELA: Rischi di una dieta principalmente a base di carboidrati (IN COLLAB),Neogela,,,,,,03/04/2026,Reel,,,"Facebook, Instagram, TikTok, Youtube",,Spostato in Notion MUVI Lab,Informativo
"NEOGELA: Come avere ossa giovani a 50 anni ",Neogela,,,,,,29/08/2025,Reel,,,"Facebook, Instagram, TikTok, Youtube",,Spostato in Notion MUVI Lab,Consigli
NEOGELA: Attività fisica ottimale dopo i 50 (IN COLLAB),Neogela,,,,,,25/11/2025,Reel,,,"Facebook, Instagram, TikTok, Youtube",,Spostato in Notion MUVI Lab,Consigli
"NEOGELA: Errori più comuni di chi soffre di osteoporosi ",Neogela,,,,,,09/03/2026,Reel,,,"Facebook, Instagram, TikTok, Youtube",,Spostato in Notion MUVI Lab,Informativo
NEOGELA: 3 buone abitudini quotidiane per chi soffre di osteoporosi (e tu fai queste cose),Neogela,,,3 abitudini che possono salvare le tue ossa,"Ecco 3 abitudini che dovresti adottare se soffri di osteoporosi (o non vuoi soffrirne in futuro!) e vuoi proteggere le tue ossa: 

1. Fai attività fisica regolare di tipo aerobico e/o con pesi: l’attività fisica eseguita contro gravità stimola l’aumento di massa ossea;
2. Esponiti al sole (con le dovute protezioni) per stimolare la produzione di vitamina D e favorire l’assorbimento del calcio 
3. Scegli una dieta varia che comprenda tutti i nutrienti: il calcio non basta, ti servono proteine, vitamine e una buona dose di collagene 😉

E tu? Segui già questi consigli? Scrivilo nei commenti 🗨️",13/10/2025,29/08/2025,Reel,,,"Facebook, Instagram, TikTok, Youtube",,✅ Pubblicato,Consigli
NEOGELA: 3 buone abitudini quotidiane per chi soffre di artrosi (e tu fai queste cose),Neogela,,,,,12/11/2025,29/08/2025,Reel,,,"Facebook, Instagram, TikTok, Youtube",,🗓️ Programmato,Consigli
NEOGELA: 3 cattive abitudini per la tua colonna vertebrale (IN COLLAB),Neogela,,,,,,25/11/2025,Reel,,,"Facebook, Instagram, TikTok, Youtube",,Spostato in Notion MUVI Lab,Informativo
NEOGELA: Ecco come ho mantenuto stabili i miei valori di densità ossea negli ultimi 3 anni (CI VORREBBE ATTRICE),Neogela,,,,,,,Reel,,,"Facebook, Instagram, TikTok, Youtube",,💡 Idea,Consigli
NEOGELA: Lo sapevi che…  a 25 anni circa raggiungi il tuo picco di massa ossea,Neogela,,,,,,05/12/2025,Reel,,,"Facebook, Instagram, TikTok, Youtube",,Spostato in Notion MUVI Lab,Informativo
NEOGELA: Lo sapevi che… gli spinaci sono ottimi per le tue ossa,Neogela,,,,,,03/04/2026,Reel,,,"Facebook, Instagram, TikTok, Youtube",,Spostato in Notion MUVI Lab,Informativo
NEOGELA: Perché le proteine sono così importanti per le ossa (IN COLLAB),Neogela,,,,,,03/04/2026,Reel,,,"Facebook, Instagram, TikTok, Youtube",,Spostato in Notion MUVI Lab,Informativo
"NEOGELA: 3 attività che potresti tornare a fare grazie all’integrazione di collagene ",Neogela,,,,,,29/08/2025,Reel,,,"Facebook, Instagram, TikTok, Youtube",,Spostato in Notion MUVI Lab,Informativo
NEOGELA: Reel 1 da video Youtube “Osteoporosi gravidica”,Neogela,,,Osteoporosi gravidica,"Se sei in gravidanza, è bene che tu ponga particolare attenzione alla quantità giornaliera di proteine che assumi. 

Il Dr. Zeggio ci spiega perché l’apporto proteico è così importante e quali fonti proteiche è possibile scegliere. 

👉 Video completo sul canale YouTube Neogela ",03/09/2025,,Reel,,,"Facebook, Instagram, TikTok, Youtube",,✅ Pubblicato,Informativo
"NEOGELA: Reel 2 da video Youtube “Osteoporosi gravidica” ",Neogela,,,,,,,Reel,,,"Facebook, Instagram, TikTok, Youtube",,Spostato in Notion MUVI Lab,Informativo
NEOGELA: dame un grrr,Neogela,,,Dame un grrrammo di collagene,"Un grrrrr…ammo di collagene non basta!
Ci vuole almeno una bustina 😉",22/09/2025,29/08/2025,Reel,,,"Facebook, Instagram, TikTok, Youtube",,✅ Pubblicato,Trend
NEOGELA: recensione partecipante in presenza Area Test (Marisa),Neogela,,,"Area Test Osteoporosi
I risultati di Marisa","Questa è la prima recensione del nostro percorso Area Test Osteoporosi da poco concluso 😊

Marisa, insieme ad altri 9 partecipanti, ha seguito un percorso completo tra integrazione, consigli alimentari e indicazioni sull’attività fisica per 6 mesi. 

Il 27 settembre ci siamo rincontrati per ripetere il BES Test, l’esame che valuta l’osso dal punto di vista della qualità elastica, e vedere i risultati 👀

Ecco cosa ha ottenuto Marisa e come si è trovata in questo percorso 💙",09/10/2025,27/09/2025,Reel,,,"Facebook, Instagram, TikTok, Youtube",,✅ Pubblicato,Differenziazione
NEOGELA: carosello “Come agisce il collagene,Neogela,,,✅,"Come fa il collagene una volta ingerito ad arrivare alle ossa? 🤔

Il collagene assunto in forma idrolizzata, ossia scisso in frammenti più piccoli, viene digerito in modo efficace dal nostro organismo: passa il tratta gastrico fino ad arrivare all’intestino dove viene spezzettato nei suoi componenti, gli amminoacidi. 🧬

Questi amminoacidi possono poi entrare in circolo ed essere trasportati direttamente alle cellule ossee che li utilizzeranno per ricostruire le catene di collagene e riparare i tessuti. 💪

La cosa importante? È scegliere il giusto collagene. 
Scorri e scopri l’offerta speciale per il mese dell’Osteoporosi e prova il kit di integrazione completa per le ossa 💙",14/10/2025,,Carosello,,,"Facebook, Instagram, TikTok, Youtube",,✅ Pubblicato,
NEOGELA: carosello “Come sono formate le ossa”,Neogela,,,✅,"Sai di cosa si compongono le tue ossa? 🧐
Non tutti sanno che le ossa sono composte da due parti: l’osso trabecolare (la parte interna) e l’osso corticale (la parte esterna). 

Queste due parti si distinguono per la loro struttura e composizione. 
➡️ L’osso trabecolare è formato da fibre proteiche, per lo più collagene, disposte a “nido d’ape”, ossia in una struttura alveolare. 
➡️ L’osso corticale si compone invece di materia minerali, tra cui gli elementi più presenti sono calcio e fosforo. 

Conoscere la composizione delle tue ossa può aiutarti a capire cosa integrare 👉 scorri e scopri il kit di integrazione completa per le tue ossa da oggi di nuovo online in offerta speciale per il mese dell’Osteoporosi 🩺",08/10/2025,,Carosello,,,"Facebook, Instagram, TikTok, Youtube",,✅ Pubblicato,
NEOGELA: storia donna con osteoporosi (Mascia),Neogela,,,"Storie di osteoporosi
Mascia oppure L’esperienza di Mascia","Ecco cosa ci ha raccontato Mascia la prima volta che ci siamo incontrati.

Mascia non ci conosceva ma da tempo era alla ricerca di una soluzione alternativa per trattare la sua osteoporosi. 

Dall’ultima diagnosi più di 2 anni fa e l’indicazione di assumere farmaci è rimasto tutto in sospeso: un po’ per la scelta di non procedere con la cura farmacologica. un po’ per la mancanza di informazioni riguardo una strada alternativa. 

Ci siamo conosciuti sui social, le abbiamo chiesto se volesse condividere la sua esperienza e lei ha accettato. È venuta a trovarci, ha lasciato la sua testimonianza, ha parlato con il nostro dottore e adesso comincerà un nuovo percorso per curare questa patologia. 

E tutto questo con il nostro supporto. 

Se anche tu soffri di osteoporosi ma non sai da dove cominciare, segui la pagina e contattaci 💙",23/10/2025,16/10/2025,Reel,,,"Facebook, Instagram, TikTok, Youtube",,🗓️ Programmato,Differenziazione
NEOGELA: contenuto per Halloween,Neogela,,,Il segreto del nostro Halloween,Noi e Armando abbiamo tutto il collagene che ci serve per affrontare la notte di Halloween al meglio 🎃,31/10/2025,15/09/2025,Reel,,,"Facebook, Instagram, TikTok, Youtube",,🗓️ Programmato,Differenziazione
LYNUP: Osteoporosi vuol dire,,,,✅,"La diagnosi di osteoporosi può lasciare confusi: con tante domande e dubbi su quale sia il primo passo da fare. 😥

La maggior parte delle donne che si ritrova ad affrontare l’osteoporosi non sa da dove cominciare: a chi rivolgersi, quali attività poter svolgere e quali no, come affrontare questa patologia. 

Ecco perché nella nostra pagina parliamo di salute ossea. Se cerchi maggiori informazioni e pratici consigli sull’osteoporosi seguici 💜",14/10/2025,,Carosello,,,"Facebook, Instagram, TikTok, Youtube",,✅ Pubblicato,
LYNUP: Osteoporosi vuol dire,,,,✅,"“Mi sono sentita sola e confusa” 😢
Questo è quello che provano molte donne di fronte ad una diagnosi di osteoporosi. 

Nonostante sia una patologia molto diffusa, non si viene mai informati prima su cosa voglia dire soffrirne, ritrovandosi senza punti di riferimento quando si scopre inaspettatamente di esserne affetti. 

Se vuoi saperne di più su questa patologia e ricevere consigli sulla salute ossea, seguici 💜",21/10/2025,,Carosello,,,"Facebook, Instagram, TikTok, Youtube",,🗓️ Programmato,
LYNUP: contenuto per Halloween,,,,Dolcetto o scherzetto? Integratore perfetto (magari usiamo la schermata con la capsula sulle mani),"Se non hai più 8 anni e le ossa forti, Lynup potrebbe tornarti utile 😉 
Stasera vieni a bussare alla nostra porta 🍬",31/10/2025,15/09/2025,Reel,,,"Facebook, Instagram, TikTok, Youtube",,🗓️ Programmato,Differenziazione
NEOGELA: Episodio 1 - Iniziativa sociale - Annuncio progetto e prime sensazioni,Neogela,,,,,05/11/2025,29/09/2025,Reel,,,"Facebook, Instagram, TikTok, Youtube",,✅ Pubblicato,Differenziazione
NEOGELA: Episodio 2 - Iniziativa sociale - Esami pre percorso effettuati,Neogela,,,,,17/11/2025,29/09/2025,Reel,,,"Facebook, Instagram, TikTok, Youtube",,🗓️ Programmato,Differenziazione
NEOGELA: Episodio 3 - Iniziativa sociale - Inizio percorso,Neogela,,,,,,29/09/2025,Reel,,,"Facebook, Instagram, TikTok, Youtube",,Spostato in Notion MUVI Lab,Differenziazione
"NEOGELA: Episodio 4 - Iniziativa sociale - Metà percorso ",Neogela,,,,,,29/09/2025,Reel,,,"Facebook, Instagram, TikTok, Youtube",,Spostato in Notion MUVI Lab,Differenziazione
"NEOGELA: Episodio 5 - Iniziativa sociale - Fine percorso ",Neogela,,,,,,,Reel,,,"Facebook, Instagram, TikTok, Youtube",,💡 Idea,Differenziazione
NEOGELA: Episodio 6 - Iniziativa sociale - Recensione,Neogela,,,,,,,Reel,,,"Facebook, Instagram, TikTok, Youtube",,💡 Idea,Differenziazione
NEOGELA: esperienza cliente con Neogela - video 1,Neogela,,,,,,29/09/2025,Reel,,,"Facebook, Instagram, TikTok, Youtube",,Spostato in Notion MUVI Lab,Social proof
NEOGELA: esperienza cliente con Neogela - video 2,Neogela,,,,,,29/09/2025,Reel,,,"Facebook, Instagram, TikTok, Youtube",,Spostato in Notion MUVI Lab,Social proof
NEOGELA: esperienza cliente con Neogela - video 3,Neogela,,,,,,29/09/2025,Reel,,,"Facebook, Instagram, TikTok, Youtube",,Spostato in Notion MUVI Lab,Social proof
NEOGELA: Quando ho scoperto di avere l’osteoporosi mi sono sentita…,Neogela,,,Osteoporosi: come mi sono sentita,"L’osteoporosi può farci sentire fragili, nel corpo ma anche nella testa. 

L’insicurezza, la disinformazione, il non sapere da dove cominciare. 
È quando si cambia approccio che si comincia davvero ad affrontarla. 

Con la giusta consapevolezza e strategia non solo l’osteoporosi si può contrastare, è possibile migliorare la propria quotidianità.

Seguici e scopri da dove partire: non sei sola 💙",16/10/2025,29/09/2025,Reel,,,"Facebook, Instagram, TikTok, Youtube",,✅ Pubblicato,Intervista
NEOGELA: Quando ho ricevuto la diagnosi non sapevo a chi rivolgermi…,Neogela,,,,,,29/09/2025,Reel,,,"Facebook, Instagram, TikTok, Youtube",,Spostato in Notion MUVI Lab,Intervista
NEOGELA: Il mio medico non mi aveva mai consigliato di fare la MOC…,Neogela,,,,,,29/09/2025,Reel,,,"Facebook, Instagram, TikTok, Youtube",,Spostato in Notion MUVI Lab,Intervista
NEOGELA: Gli specialisti a cui mi sono rivolta mi hanno consigliato solo farmaci e nessuna alternativa…,Neogela,,,,,,29/09/2025,Reel,,,"Facebook, Instagram, TikTok, Youtube",,Spostato in Notion MUVI Lab,Intervista
NEOGELA: Ho potuto ripetere la MOC dopo anni dalla prima ed ero peggiorata molto…,Neogela,,,,,,29/09/2025,Reel,,,"Facebook, Instagram, TikTok, Youtube",,Spostato in Notion MUVI Lab,Intervista
NEOGELA: Mi sono informata online sugli effetti collaterali dei farmaci e mi sono spaventata…,Neogela,,,,,,29/09/2025,Reel,,,"Facebook, Instagram, TikTok, Youtube",,Spostato in Notion MUVI Lab,Intervista
NEOGELA: Nessuno mi aveva detto che dovevo curare anche alimentazione e movimento…,Neogela,,,,,,29/09/2025,Reel,,,"Facebook, Instagram, TikTok, Youtube",,Spostato in Notion MUVI Lab,Intervista
NEOGELA: Quando ho ricevuto la MOC non sapevo come interpretare i valori…,Neogela,,,,,,29/09/2025,Reel,,,"Facebook, Instagram, TikTok, Youtube",,Spostato in Notion MUVI Lab,Intervista
NEOGELA: video riassunto giornata finale Area Test,Neogela,,,"Come si è concluso il progetto Area Test ","Così sì è concluso il progetto Area Test 180: 10 persone impegnate per 6 mesi in un percorso di trattamento naturale completo per l’osteoporosi. 

✅ Piano alimentare
✅ Programma di allenamento su misura
✅ Integrazione di collagene, vitamine e minerali

I risultati? Li abbiamo monitorati con esami radiografici specifici all’inizio e alla fine del percorso e presto potrete vederli tutti pubblicati sul nostro sito. 
I primi ci hanno già dato grande soddisfazione 🔝

Ringraziamo tutti gli specialisti che hanno collaborato con noi a questo progetto: 
il Dott. Daniele Zeggio, Medico referente
la Dott.ssa Silvana Magi, Biologa Nutrizionista @magi.silvana
la Dott.ssa Marcelli Pales, Fisioterapista @fisioterapiavicenza
il Dott. Davide Teggi, Chinesiologo @fitness40+ 
la Dott.ssa Alessandra Nicolosi, radiologa del Bes Test @bestest_esame

Pronti per una nuova edizione? 🧐",27/10/2025,27/09/2025,Reel,,,"Facebook, Instagram, TikTok, Youtube",,🗓️ Programmato,Differenziazione
"NEOGELA: spiegazione scientifica caratteristiche collagene ",Neogela,,,,,,25/11/2025,Reel,https://vm.tiktok.com/ZNdbjVTLH/,,"Facebook, Instagram, TikTok, Youtube",,Spostato in Notion MUVI Lab,EduCollagene
LYNUP: storia per annunciare promo + invito a iscriversi alla mailing list,,,,,,30/09/2025,,Storia,,,"Facebook, Instagram, TikTok, Youtube",,✅ Pubblicato,Vendita
"LYNUP: promo ",,,,,,07/10/2025,,Storia,,,"Facebook, Instagram, TikTok, Youtube",,✅ Pubblicato,Vendita
NEOGELA: collagene in capsule vs. polvere,Neogela,,,,,,29/01/2026,Reel,,,"Facebook, Instagram, TikTok, Youtube",,Spostato in Notion MUVI Lab,Social proof
"NEOGELA: hai letto “rischio alto frattura” nella MOC? ",Neogela,,,,,,25/11/2025,Reel,,,"Facebook, Instagram, TikTok, Youtube",,Spostato in Notion MUVI Lab,Informativo
NEOGELA: prendo la vitamina D come faccio ad avere l’osteoporosi?2,Neogela,,,,,,,Reel,,,"Facebook, Instagram, TikTok, Youtube",,Spostato in Notion MUVI Lab,Domande dal blog
NEOGELA: creatività adv branding collagene che si scioglie,Neogela,,,,,03/11/2025,29/09/2025,Reel,,,"Facebook, Instagram, TikTok, Youtube",,🔎 Da revisionare,ADS
NEOGELA: creatività adv branding collagene varie bevande,Neogela,,,,,05/11/2025,,Reel,,,"Facebook, Instagram, TikTok, Youtube",,🔎 Da revisionare,ADS
NEOGELA: branding barattolo fisso sfondo che cambia,Neogela,,,,,01/12/2025,,Reel,,,"Facebook, Instagram, TikTok, Youtube",,Spostato in Notion MUVI Lab,ADS
LYNUP: Chi vuol essere sano,,,,Chi vuol essere sano (stessa copertina della scorsa volta),"“Quale di questi minerali contribuisce alla produzione di collagene?”
Sai rispondere a questa domanda? Se sì, probabilmente è perché ci segui 😉

E se ancora non lo fai seguici: parliamo di salute ossea condividendo curiosità e pratici consigli 💜",11/11/2025,,Reel,,,"Facebook, Instagram, TikTok, Youtube",,🗓️ Programmato,Trend
"LYNUP: carosello 4 cose che non devono mancare nella tua routine ",,,,_,Scopri le 4 abitudini che possono fare la differenza per le tue ossa ogni giorno e facci sapere nei commenti se le stai già applicando nella tua quotidianità 😉,10/11/2025,,Carosello,,,"Facebook, Instagram, TikTok, Youtube",,🗓️ Programmato,Informativo
LYNUP: inizio Black Friday,,,,,,28/11/2025,,Storia,,,"Facebook, Instagram, TikTok, Youtube",,✅ Pubblicato,Vendita
LYNUP: Quando ti rendi conto che…,,,,Schermata,"La tua reazione quando hai scoperto la pagina Lynup e ti sei resa conto di assumere solo 1 dei nutrienti di cui le tue ossa hanno bisogno ogni giorno. 

Ma tranquilla, non è tardi per rimediare 😉

Seguici e scopri tutto quello che il mix di vitamine e minerali di Lynup può fare ogni giorno per le tue ossa 💜",26/11/2025,,Reel,https://www.instagram.com/reel/DHbFR6dNRyT/?igsh=bHJmZmlqdzl2ZDFh,,"Facebook, Instagram, TikTok, Youtube",,🗓️ Programmato,Trend
NEOGELA: Storia metà promo,Neogela,,,,,15/10/2025,,Storia,,,"Facebook, Instagram, TikTok, Youtube",,✅ Pubblicato,
LYNUP: post-it sotto la scarpa,,,,schermata finale e aggiungiamo il titolo “Offerta Black Friday”,"Non te la puoi perdere 👀

Solo fino al 1 dicembre: acquisti 2 confezioni di Lynup e la seconda la paghi la metà. Usa il codice 50BF2 per godere dell’offerta 🤩

Approfitta dei vantaggi Black Friday e fai scorta di vitamine e minerali per le tue ossa.

Link in bio 🔗",29/11/2025,16/10/2025,Reel,https://www.instagram.com/p/DOfrjGVEor_/,,"Facebook, Instagram, TikTok",,🗓️ Programmato,Trend
NEOGELA: quando fai il video fai vedere bene,Neogela,,,,,,,Reel,https://www.instagram.com/p/DPldJIjDxWf/,,"Facebook, Instagram, TikTok",,Spostato in Notion MUVI Lab,Trend
LYNUP: a volte è l’integratore che ti sceglie,,,,,,,17/11/2025,Reel,https://www.instagram.com/p/DO_seK7Dnb_/,,"Facebook, Instagram, TikTok",,💻 Da montare,Trend
LYNUP: wave your finger,,,,Riusciamo a usare l’immagine del dito iniziale e metterci dietro un fermo immagine tipo come la copertina nella reference?,"Fai andare le tue ossa a ritmo: con Lynup farlo ogni giorno è semplice!

E tu stai UP 🤩",06/11/2025,16/10/2025,Reel,https://www.instagram.com/p/DPHFVzSjTGj/,,"Facebook, Instagram, TikTok",,🗓️ Programmato,Trend
LYNUP: la vitamina K2 può essere presa da tutti?,,,,,,,17/11/2025,Reel,,,"Facebook, Instagram, TikTok",,💻 Da montare,Domande dal blog
LYNUP: capsula che si apre (per pubblicazione chiedere a Erica),,,,Schermata iniziale con commento,"Hai difficoltà ad ingerire le capsule? Non preoccuparti, la capsula di Lynup si può aprire per versarne il contenuto in acqua 💊

E ti prendi cura delle tue ossa in modo semplice e senza pensieri 😉",05/12/2025,16/10/2025,Reel,,,"Facebook, Instagram, TikTok",,✅ Pubblicato,Trend
LYNUP: artosi e menopausa,,,,,,,,Reel,,,"Facebook, Instagram, TikTok",,💡 Idea,Informativo
LYNUP: come migliorare i sintomi dell’artrosi,,,,,,,,Reel,,,"Facebook, Instagram, TikTok",,💡 Idea,Consigli
LYNUP: artrosi e osteoporosi sono collegate?,,,,,,,17/11/2025,Reel,,,"Facebook, Instagram, TikTok",,💻 Da montare,Informativo
"LYNUP: cosa fare a 30 anni per non avere l’osteoporosi a 50 ",,,,,,,17/11/2025,Reel,,,"Facebook, Instagram, TikTok",,💻 Da montare,Consigli
LYNUP: la nostra esperienza con le patologie osteoarticolari,,,,,,,17/11/2025,Reel,,,"Facebook, Instagram, TikTok",,💻 Da montare,Aziendale
LYNUP: falso mito sulla vitamina K2,,,,,,,17/11/2025,Reel,,,"Facebook, Instagram, TikTok",,💻 Da montare,Falso mito
LYNUP: cibi si e cibi no per le tue articolazioni (in collab con nutrizionista),,,,,,,,Reel,,,"Facebook, Instagram, TikTok",,💡 Idea,Consigli
LYNUP: prendo gli ingredienti e li butto dentro un barattolo di Lynup enorme,,,,,,,17/11/2025,Reel,,,"Facebook, Instagram, TikTok",,💻 Da montare,Trend
"NEOGELA: Non sempre puoi fidarti delle persone, ma puoi fidarti del team Neogela (v.reference)",Neogela,,,,,,,Reel,https://vm.tiktok.com/ZNdvuQbBr/,,"Facebook, Instagram, TikTok, Youtube",,🎥 Da registrare,Trend
NEOGELA: Pov: integratore che fa ringiovanire le tue ossa con audio trend (v. reference),Neogela,,,,,,27/10/2025,Reel,https://vm.tiktok.com/ZNdvuW57S/,,"Facebook, Instagram, TikTok, Youtube",,Spostato in Notion MUVI Lab,Trend
NEOGELA: Quanti grammi di Neogela posso prendere al giorno?,Neogela,,,,,,27/10/2025,Reel,,,"Facebook, Instagram, TikTok, Youtube",,Spostato in Notion MUVI Lab,Informativo
NEOGELA: Quando è meglio assumere il collagene?,Neogela,,,,,,27/10/2025,Reel,,,"Facebook, Instagram, TikTok, Youtube",,Spostato in Notion MUVI Lab,Informativo
NEOGELA: Come si conserva Neogela e quanto dura?,Neogela,,,,,,27/10/2025,Reel,,,"Facebook, Instagram, TikTok, Youtube",,Spostato in Notion MUVI Lab,Informativo
NEOGELA: perché prendi il collagene se sei così giovane?,Neogela,,,,,,27/10/2025,Reel,,,"Facebook, Instagram, TikTok, Youtube",,Spostato in Notion MUVI Lab,Falso mito
NEOGELA: chissà quanti allergeni ci sono nei vostri integratori,Neogela,,,,,,27/10/2025,Reel,,,"Facebook, Instagram, TikTok, Youtube",,Spostato in Notion MUVI Lab,Falso mito
NEOGELA: Campagna branding,Neogela,,,,,06/11/2025,,Reel,,,"Facebook, Instagram, TikTok, Youtube",,✅ Pubblicato,ADS
NEOGELA: campagna vendita novembre,Neogela,,,,,06/11/2025,,Reel,,,"Facebook, Instagram, TikTok, Youtube",,✅ Pubblicato,ADS
NEOGELA: campagna BF,Neogela,,,,,27/11/2025 → 01/12/2025,,Reel,,,"Facebook, Instagram, TikTok, Youtube",,✅ Pubblicato,ADS
NEOGELA: Carosello - 5 segnali che le tue ossa hanno bisogno di supporto,Neogela,,,,,07/11/2025,,Carosello,,,"Facebook, Instagram, TikTok, Youtube",,🗓️ Programmato,Informativo
NEOGELA: Carosello: hai questi risultati in moc? prova questi prodotti Neogela,Neogela,,,,,14/11/2025,,Carosello,,,"Facebook, Instagram, TikTok, Youtube",,✅ Pubblicato,Informativo
NEOGELA: Carosello: errori alimentari per l’osteoporosi,Neogela,,,,,21/11/2025,,Carosello,,,"Facebook, Instagram, TikTok, Youtube",,🗓️ Programmato,Informativo
NEOGELA: Carosello - 5 miti sul collagene,Neogela,,,,,26/11/2025,,Carosello,,,"Facebook, Instagram, TikTok, Youtube",,🗓️ Programmato,Informativo
NEOGELA: Sarcopenia aspetto clinico (in collab con Personal Trainer),Neogela,,mattia_casonato.pt,,,,09/03/2026,Reel,,,"Facebook, Instagram, TikTok, Youtube",,Spostato in Notion MUVI Lab,Informativo
NEOGELA: Sarcopenia attività fisica (in collab con Personal Trainer),Neogela,,mattia_casonato.pt,,,,09/03/2026,Reel,,,"Facebook, Instagram, TikTok, Youtube",,Spostato in Notion MUVI Lab,Consigli
NEOGELA: Condrosi (in collab con Personal Trainer),Neogela,,mattia_casonato.pt,,,,09/03/2026,Reel,,,"Facebook, Instagram, TikTok, Youtube",,Spostato in Notion MUVI Lab,
NEOGELA: Crolli vertebrali (in collab con Personal Trainer),Neogela,,mattia_casonato.pt,,,,25/11/2025,Reel,,,"Facebook, Instagram, TikTok, Youtube",,Spostato in Notion MUVI Lab,Informativo
NEOGELA: Postura e Osteoporosi (in collab con Personal Trainer),Neogela,,mattia_casonato.pt,,,,25/11/2025,Reel,,,"Facebook, Instagram, TikTok, Youtube",,Spostato in Notion MUVI Lab,Consigli
NEOGELA: Fratture da stress e recupero (in collab con Personal Trainer),Neogela,,mattia_casonato.pt,,,,09/03/2026,Reel,,,"Facebook, Instagram, TikTok, Youtube",,Spostato in Notion MUVI Lab,
NEOGELA: Lesione al crociato (in collab con Personal Trainer),Neogela,,mattia_casonato.pt,,,,25/11/2025,Reel,,,"Facebook, Instagram, TikTok, Youtube",,Spostato in Notion MUVI Lab,Informativo
NEOGELA: Lesione al menisco (in collab con Personal Trainer),Neogela,,mattia_casonato.pt,,,,25/11/2025,Reel,,,"Facebook, Instagram, TikTok, Youtube",,Spostato in Notion MUVI Lab,Informativo
"NEOGELA: ",Neogela,,,,,,,Reel,,,"Facebook, Instagram, TikTok, Youtube",,,
LYNUP: inizio promo Natale,,,,Schermata pacchetto natale “Promo di Natale - sconto ulteriore 15%”,"Questo Natale è pieno di salute! 🎅

Sono arrivate le offerte natalizie di Lynup: dal 12 al 30 dicembre sconto ulteriore del 15% online!

Il tuo integratore di vitamine e minerali confezionato in un bellissimo pacchetto natalizio, per regalare la salute a te stesso o a chi ami. In regalo anche un dolce omaggio 🎁

👉 Corri online e scopri le offerte: www.mylynup.com
",12/12/2025,17/11/2025,Reel,https://www.instagram.com/reel/DPOObxiiMH4/?igsh=czRrMHphbmZlN3Bl,,"Facebook, Instagram, TikTok, Youtube",,✅ Pubblicato,Trend
LYNUP: foto anteprima packaging natalizio che annuncia l’arrivo di una promo,,,,_,"In arrivo una dolce offerta di Natale! 🎅

Sorprendi chi ami regalando il benessere: da domani online le offerte natalizie di Lynup. 

Stay tuned 🤩",11/12/2025,,Post,,,"Facebook, Instagram, TikTok, Youtube",,✅ Pubblicato,Vendita
LYNUP: foto 1 - promo Natale,,,,-,"Il regalo perfetto per chi ami 💜

Approfitta della promo di Natale: acquista Lynup con lo sconto ulteriore del 15% nel suo bellissimo packaging natalizio e ricevi in regalo un piccolo omaggio 🎁

Link in bio 🤩",18/12/2025,,Post,,,"Facebook, Instagram, TikTok, Youtube",,🗓️ Programmato,Vendita
LYNUP: foto 2 - promo Natale,,,,-,"Cosa ti sei regalato questo Natale?

Una bella dose di vitamine e minerali per affrontare il nuovo anno in salute potrebbe essere un’ottima idea se ci tieni alle tue ossa 😉

Approfitta delle offerte natalizie di Lynup attive solo fino al 30 dicembre: sconto del 15% ulteriore e omaggio in regalo 🎁

Link in bio 🤩",27/12/2025,,Post,,,"Facebook, Instagram, TikTok, Youtube",,🗓️ Programmato,Vendita
LYNUP: carosello gravidanza,,,,_,"Sei in gravidanza? Quante volte ti hanno detto che integrare vitamine e minerali specifici è importante, sia per te che per il tuo bambino. 👶

Anche le tue ossa di mamma sono messe a dura prova durante questo periodo, poiché sono fonte di nutrienti essenziali che sostengono la crescita e il nutrimento del tuo piccolo. 

Proteggerle è fondamentale e un’integrazione mirata può aiutarti: Lynup è un mix di vitamine e minerali 100% naturale e sicuro pensato per sostenere le tue ossa. 💪

Chiedi consiglio al tuo medico 🩺",15/12/2025,,Carosello,,,"Facebook, Instagram, TikTok, Youtube",,🗓️ Programmato,Informativo
,,,,,,22/12/2025,,,,,,,,
"LYNUP: Il Natale con Lynup ",,,,Scegli una schermata e scriviamo “Il Natale con Lynup”,"Mancano solo 2 giorni a Natale 🎅
Quest’anno ci siamo lasciati trasportare dallo spirito natalizio e abbiamo agghindato per bene l’ufficio. 🎄

Ma ci teniamo che anche voi possiate vivere questo Natale all’insegna del benessere 👉 sul sito di Lynup sono attive le offerte natalizie ❄️

👉 Sconto ulteriore del 15% + omaggio di Natale 
Fai un regalo di salute a te stesso o a chi ami ❤️

Ti aspettiamo online, buone feste!",23/12/2025,17/11/2025,Reel,https://www.instagram.com/reel/DQPaZLhDM6r/?igsh=amtiaGU1YnFnY20y,,"Facebook, Instagram, TikTok, Youtube",,✅ Pubblicato,Trend
LYNUP: la carica per le mie ossa,,,,,,,17/11/2025,Reel,https://www.instagram.com/reel/DKvwoZ8TqK7/?igsh=NW1rcWhzemF3Zmlr,,"Facebook, Instagram, TikTok",,💻 Da montare,Trend
"LYNUP: come creiamo Lynup ",,,,,,,17/11/2025,Reel,https://www.instagram.com/reel/DPtLbw6jL7p/?igsh=bmE4dm8yMG9ld2t5,,"Facebook, Instagram, TikTok",,💻 Da montare,Trend
LYNUP: batteria scarica,,,,,,,17/11/2025,Reel,https://www.instagram.com/reel/DNyAqr40IMn/?igsh=MTh3emdvZTg5ejVpNg%3D%3D,,"Facebook, Instagram, TikTok",,💻 Da montare,Trend
NEOGELA: Promo Black Friday parlato,Neogela,,,,,,17/11/2025,Reel,,,"Facebook, Instagram, TikTok, Youtube",,Spostato in Notion MUVI Lab,Trend
NEOGELA: Promo Black Friday busta con sconto,Neogela,,,,,,17/11/2025,Reel,https://vm.tiktok.com/ZNdK5P418/,,"Facebook, Instagram, TikTok, Youtube",,Spostato in Notion MUVI Lab,Trend
NEOGELA: video promo Natalizia,Neogela,,,,,,05/12/2025,Reel,,,"Facebook, Instagram, TikTok, Youtube",,Spostato in Notion MUVI Lab,Vendita
NEOGELA: Come riprendere l’attività fisica dopo una frattura da osteoporosi (in collab),Neogela,,,,,,25/11/2025,Reel,,,"Facebook, Instagram, TikTok, Youtube",,Spostato in Notion MUVI Lab,Consigli
NEOGELA: Esercizi quotidiani per chi lavora seduto tutto il giorno (in collab),Neogela,,,,,,25/11/2025,Reel,,,"Facebook, Instagram, TikTok, Youtube",,Spostato in Notion MUVI Lab,Consigli
NEOGELA: Video auguri di Natale Team,Neogela,,,,,,05/12/2025,Reel,https://vm.tiktok.com/ZNRR6dhro/,,"Facebook, Instagram, TikTok, Youtube",,Spostato in Notion MUVI Lab,Aziendale
NEOGELA: Video auguri Buon Anno,Neogela,,,,,,05/12/2025,Reel,,,"Facebook, Instagram, TikTok, Youtube",,Spostato in Notion MUVI Lab,Aziendale
NEOGELA:  tutto il team assume neogela,Neogela,,,,,,,Reel,,,"Facebook, Instagram, TikTok, Youtube",,Spostato in Notion MUVI Lab,
NEOGELA: Video promo San Valentino,Neogela,,,,,,29/01/2026,Reel,,,"Facebook, Instagram, TikTok, Youtube",,Spostato in Notion MUVI Lab,ADS
NEOGELA: Osteoporosi gravidica,Neogela,,,,,,29/01/2026,Reel,,,"Facebook, Instagram, TikTok, Youtube",,Spostato in Notion MUVI Lab,Informativo
NEOGELA: maternità - il calcio “scappa” durante l’allattamento?,Neogela,,,,,,29/01/2026,Reel,,,"Facebook, Instagram, TikTok, Youtube",,Spostato in Notion MUVI Lab,Informativo
NEOGELA: perché abbiamo scelto il collagene idrolizzato,Neogela,,,,,,,Reel,,,"Facebook, Instagram, TikTok, Youtube",,🎥 Da registrare,Aziendale
NEOGELA: un giorno in Neogela (dietro le quinte),Neogela,,,,,,29/01/2026,Reel,,,"Facebook, Instagram, TikTok, Youtube",,Spostato in Notion MUVI Lab,Aziendale
NEOGELA: Pack ossa sane,Neogela,,,,,,29/01/2026,Reel,,,"Facebook, Instagram, TikTok, Youtube",,Spostato in Notion MUVI Lab,Vendita
PODCAST,Neogela,,,,,,,,,,"Facebook, Instagram, TikTok, Youtube",,,
NEOGELA: video trend con domande clienti,Neogela,,,,,,15/05/2026,Reel,,,"Facebook, Instagram, TikTok, Youtube",,Spostato in Notion MUVI Lab,Trend
NEOGELA: TPallavvolo,Neogela,,,,,,,Reel,,,"Facebook, Instagram, TikTok, Youtube",,,
NEOGELA: quanto tempo deve passare da una Moc all’altra?,Neogela,,,,,,09/03/2026,Reel,,,"Facebook, Instagram, TikTok, Youtube",,Spostato in Notion MUVI Lab,
"NEOGELA: quando bastano abitudini corrette e quando serve un percorso di visite/esami
",Neogela,,,,,,09/03/2026,Reel,,,"Facebook, Instagram, TikTok, Youtube",,Spostato in Notion MUVI Lab,
NEOGELA: Trial,Neogela,,,,,,09/03/2026,Reel,,,"Facebook, Instagram, TikTok, Youtube",,✅ Pubblicato,
NEOGELA: “Sport e ossa: cosa è sicuro fare (e cosa no),Neogela,,,,,,15/05/2026,Reel,,,"Facebook, Instagram, TikTok, Youtube",,Spostato in Notion MUVI Lab,Consigli
NEOGELA: Postura e carico quotidiano: gli errori che stressano ossa e articolazioni”,Neogela,,,,,,15/05/2026,Reel,,,"Facebook, Instagram, TikTok, Youtube",,Spostato in Notion MUVI Lab,Informativo
"NEOGELA: Pavimento pelvico, equilibrio e rischio cadute: il legame che pochi conoscono",Neogela,,,,,,15/05/2026,Reel,,,"Facebook, Instagram, TikTok, Youtube",,💡 Idea,
NEOGELA: 3 abitudini settimanali per ossa e articolazioni più forti,Neogela,,,,,,15/05/2026,Reel,,,"Facebook, Instagram, TikTok, Youtube",,Spostato in Notion MUVI Lab,Informativo
NEOGELA: Posso allenarmi se ho osteopenia/osteoporosi?,Neogela,,,,,,15/05/2026,Reel,,,"Facebook, Instagram, TikTok, Youtube",,Spostato in Notion MUVI Lab,
"NEOGELA: “Se ho familiarità per osteoporosi, come mi alleno in palestra?”",Neogela,,,,,,15/05/2026,Reel,,,"Facebook, Instagram, TikTok, Youtube",,Spostato in Notion MUVI Lab,
NEOGELA: “Dolore al ginocchio durante sport o movimento: modifiche immediate all’allenamento”,Neogela,,,,,,15/05/2026,Reel,,,"Facebook, Instagram, TikTok, Youtube",,Spostato in Notion MUVI Lab,
NEOGELA: Dolore articolare da movimento quotidiano: quando ascoltarlo,Neogela,,,,,,15/05/2026,Reel,,,"Facebook, Instagram, TikTok, Youtube",,Spostato in Notion MUVI Lab,
"NEOGELA: Ho 30-40 anni, devo già preoccuparmi delle ossa?",Neogela,,,,,,15/05/2026,Reel,,,"Facebook, Instagram, TikTok, Youtube",,Spostato in Notion MUVI Lab,
"NEOGELA: Se in famiglia c’è osteoporosi, cosa posso fare prima?",Neogela,,,,,,15/05/2026,Reel,,,"Facebook, Instagram, TikTok, Youtube",,Spostato in Notion MUVI Lab,
"NEOGELA: “Neogela nella vita reale: ufficio, palestra, casa”",Neogela,,,,,,15/05/2026,Reel,,,"Facebook, Instagram, TikTok, Youtube",,Spostato in Notion MUVI Lab,
NEOGELA: Promo estate,Neogela,,,,,,,Reel,,"VERSIONE 50 SECONDI
Mare o montagna… quest'estate la tua routine di collagene parte con te.
Lo sai già: sotto sforzo, tra camminate, sport ed escursioni, le tue articolazioni lavorano di più.

E in vacanza, con la famiglia e mille cose da fare, la costanza è tutto.
Ecco perché le bustine monodose sono la comodità che ti serve:

una dose, in tasca, ovunque — e si scioglie anche nelle bevande fredde.
Da oggi averle è ancora più semplice.

Dal 9 al 24 luglio, acquistando un qualsiasi prodotto NEOGELA,

potrai aggiungere nel carrello con soli 12,90€ 12 bustine monodose di collagene.

Ma la cosa super è che con le 12 bustine potrai scegliere il tuo REGALO tra uno dei due KIT  :

Kit Trekking — bicchiere telescopico e il porta proteine 

Oppure Kit Mare — con la nostra borsa frigo tecnica

Un kit che da solo vale molto di più, ma per chi aderisce a questa promo ad un prezzo assurdo.

Acquista il tuo Neogela e aggiungi il tuo kit adesso. La promo dura solo fino al 24 luglio.


VERSIONE 20 SECONDI
Mare o montagna, quest'estate la tua routine di collagene parte con te.
Le bustine monodose sono comode ovunque: una dose, si scioglie anche fredda, e via.
Dal 9 al 24 luglio, acquista un qualsiasi prodotto Neogela e con soli 12,90 euro aggiungi 12 bustine monodose.

E scegli il tuo regalo: Kit Trekking con bicchiere telescopico e porta proteine, o Kit Mare con borsa frigo tecnica.
Acquista adesso e aggiungi il tuo kit: solo fino al 24 luglio.","Facebook, Instagram, TikTok, Youtube",Giulia,💻 Da montare,
"NEOGELA:  ""3 segnali che il tuo corpo ti manda quando ha bisogno di collagene”",Neogela,,,,,,03/07/2026,Reel,,"Il tuo corpo ti manda dei segnali
quando ha bisogno di più collagene.
Te ne dico tre. Vedi se ti ritrovi.

Primo segnale: la rigidità al mattino.
Ti svegli e senti le articolazioni ""bloccate"",
hai bisogno di qualche minuto per scioglierti.

Secondo segnale: gli scricchiolii.
Quando ti alzi, fai le scale o ti pieghi,
e senti le articolazioni che ""scrocchiano"".

Terzo segnale: il recupero più lento.
Dopo una camminata o un po' di sport
ci metti più del solito a rimetterti in sesto.

Cosa hanno in comune questi tre segnali?
Spesso parlano delle tue articolazioni e delle tue cartilagini,
i tessuti in cui il collagene gioca un ruolo da protagonista.

E ricordati: il collagene del nostro corpo
diminuisce naturalmente con l'età.

Se ti sei riconosciuta in almeno uno di questi segnali,
salva questo video.
E se vuoi capire da dove partire, scrivici nei commenti.","Facebook, Instagram, TikTok, Youtube",Giulia,🎥 Da registrare,
"NEOGELA:  ""3 domande da fare al medico per la salute ossea dei genitori”",Neogela,,,,,,03/07/2026,Reel,,"Se hai un genitore avanti con gli anni,
questo video può aiutarti a proteggere le sue ossa.
Ti lascio tre domande da fare al suo medico.

Prima domanda:
""È il momento di fare una MOC?""
La MOC è l'esame che misura la densità delle ossa
e permette di capire se c'è osteopenia o osteoporosi.
Spesso non viene proposto finché non è troppo tardi:
chiederlo per tempo fa la differenza.

Seconda domanda:
""Quali valori dobbiamo monitorare nel tempo?""
La salute ossea non si fotografa una volta sola.
Va seguita: capire quali parametri tenere d'occhio
e ogni quanto ricontrollarli è fondamentale.

Terza domanda:
""Serve un supporto, oltre allo stile di vita?""
Movimento e alimentazione sono la base,
ma in certe situazioni può essere utile
un sostegno mirato alla struttura ossea, come il collagene.

Prendersi cura delle ossa di un genitore
spesso parte proprio da qui:
dalle domande giuste, fatte alla persona giusta.

Se vuoi un confronto, il nostro team è a disposizione.","Facebook, Instagram, TikTok, Youtube",Doc,💻 Da montare,
"NEOGELA:  ""Collagene tipo I vs tipo II: qual è giusto per le tue articolazioni?”",Neogela,,,,,,03/07/2026,Reel,,"Quando scegli un collagene,
non conta solo ""che sia collagene"".
Conta il tipo. E ti spiego perché.

Nel nostro corpo esistono diverse tipologie di collagene.
Le tre principali sono tipo 1, tipo 2 e tipo 3.

Il collagene di tipo 1
ha una trama fitta e resistente.
È quello che troviamo nelle ossa e nelle articolazioni.
La sua carenza comporta condizioni come osteoporosi, artrite e artrosi.

Il collagene di tipo 2, invece,
si trova soprattutto nelle cartilagini.
Ha una struttura pensata per assorbire gli urti.

E il tipo 3? Quello dà elasticità alla pelle.

Neogela è esattamente questo:
collagene prevalentemente di tipo 1 e di tipo 2,
ed è il più adatto come integratore, in quanto ha
un profilo proteico più vicino a quello umano.

Scegliere il tipo giusto
è il primo passo per ottenere risultati reali.

Per capire qual è la soluzione adatta a te,
il nostro team è a disposizione.","Facebook, Instagram, TikTok, Youtube",Doc,💻 Da montare,
"NEOGELA: ""Perché vitamina C e collagene vanno bene insieme”",Neogela,,,,,,03/07/2026,Reel,,"Quando si parla di collagene, c'è una domanda che torna spessissimo:
""Posso prenderlo insieme alla vitamina C?""

La risposta è sì, sono una coppia che funziona.
Ma lascia che ti spieghi perché.

Il collagene, una volta assunto,
viene assorbito sotto forma di peptidi e aminoacidi.
Ma per trasformarli in fibre strutturali -
quelle di ossa, cartilagini, tendini -
il corpo trova nella Vitamina C un co-fattore importante.

La vitamina C ha un ruolo
nella sintesi del collagene dentro il nostro organismo.
Senza un apporto adeguato, in qualche caso vi è meno efficacia.

Attenzione però:
""insieme"" non vuol dire necessariamente nello stesso momento.
Collagene e vitamina C hanno tempi di assorbimento diversi:
il consiglio è collagene al mattino, con la colazione,
e vitamina C durante o subito dopo i pasti principali.

E la vitamina C la trovi facilmente nel cibo:
un kiwi, degli agrumi, un bicchiere di succo d'arancia.
L'importante è non dimenticarla.

Per altri chiarimenti come questo, rimani aggiornato sui nostri profili.","Facebook, Instagram, TikTok, Youtube",Doc,💻 Da montare,
"NEOGELA: ""Collagene e bevande fredde: si può sciogliere anche d'estate?”",Neogela,,,,,,03/07/2026,Reel,,"[Scritta in sovrimpressione: ""Il collagene si scioglie anche d'estate?""]

Domanda che ci fate spesso d'estate:
il collagene si scioglie solo nelle bevande calde?

No. Guarda qui.

Neogela ha una granulometria finissima,
quindi è solubile anche nelle bevande NON CALDE.

ma a temperatura ambiente…non fredde.

Il Gusto è come sempre neutro e non cambia il sapore della tua bevanda.

Si, ma Giulia e se la volessi fredda?

Nelle bevande fredde si fatica a scogliere il collagene, ma vi basterà scioglierlo in acqua o succo a temperatura ambiente e poi lo si mette in frigo.
","Facebook, Instagram, TikTok, Youtube",Giulia,💻 Da montare,
"NEOGELA: ""Perché con l'età aumenta il bisogno di collagene”",Neogela,,,,,,03/07/2026,Reel,,"C'è un motivo preciso per cui, con l'età,
il nostro corpo ha sempre più bisogno di collagene.
Te lo spiego.

Il collagene è la proteina più abbondante del nostro organismo:
rappresenta tra il 25 e il 30% di tutte le nostre proteine.
È il ""collante"" che tiene insieme ossa, articolazioni, cartilagini e pelle.

Il nostro corpo lo produce da solo.
Ma non in eterno.

Già a partire dai 30, 40 anni,
questa produzione naturale comincia a rallentare.
E meno collagene produciamo,
più i tessuti perdono struttura ed elasticità.

Per le ossa questo è particolarmente importante:
la loro matrice è fatta per il 90% di collagene.
Quando inizia a scarseggiare,
l'osso diventa progressivamente più fragile.

Ecco perché, con l'età,
integrare collagene non è un vezzo estetico:
è un modo per dare al corpo
ciò che da solo produce sempre meno.

Iniziare per tempo fa la differenza.
Per approfondire, continua a seguirci.","Facebook, Instagram, TikTok, Youtube",Doc,💻 Da montare,
"NEOGELA: ""Settembre preview: come riprendere la routine di collagene dopo l'estate”",Neogela,,,,,,03/07/2026,Reel,,"Lo sentiamo tutti, a fine estate:
""Da settembre ricomincio.""
La palestra, la dieta, la routine...

Ma c'è una cosa che non dovresti aver mai messo in pausa:
la cura delle tue ossa.

Il collagene funziona se è costante.
Un mese sì e due no... non porta risultati.

Quindi, prima che arrivi settembre,
facciamo un patto:
riprendiamo il ritmo, insieme.

Una dose al mattino, nel tuo caffè o nel tè,
e la tua routine di benessere riparte da qui.

Settembre è dietro l'angolo.
Pronta a ricominciare dalle tue ossa?","Facebook, Instagram, TikTok, Youtube",Giulia,💻 Da montare,
"NEOGELA:  ""Quanti anni hanno le tue ossa?” - video lancio quiz lead generation",Neogela,,,,,,03/07/2026,Reel,,"Quanti anni hanno le tue ossa?
E no, non è una domanda strana.

Perché l'età sulla carta d'identità
non sempre corrisponde all'età reale delle tue ossa.

Stile di vita, movimento, alimentazione, familiarità...
sono tutte cose che possono rendere le tue ossa
più ""giovani"" o più ""vecchie"" di te.

La buona notizia?
Puoi scoprirlo in pochi minuti.

Abbiamo preparato un quiz veloce
che ti aiuta a capire a che punto sono le tue ossa
e cosa puoi fare già da oggi per prendertene cura.

Lo trovi al link in bio.
Rispondi alle domande... e scopri l'età reale delle tue ossa.

Fammi sapere nei commenti il tuo risultato.","Facebook, Instagram, TikTok, Youtube",Giulia,💻 Da montare,
"NEOGELA: ""Dolore muscolare o dolore articolare? Come riconoscere la differenza”",Neogela,,,,,,03/07/2026,Reel,,"D'estate ci si muove di più: sport, camminate, mare.
E con il movimento, a volte, arrivano i dolori.
Ma attenzione: non sono tutti uguali.

Esiste il dolore muscolare e il dolore articolare,
e imparare a distinguerli è importante.

Il dolore muscolare di solito è più diffuso,
arriva dopo uno sforzo a cui non siamo abituati,
e tende a migliorare con il riposo.
In pochi giorni passa.

Il dolore articolare, invece, è più localizzato:
lo senti dentro l'articolazione, durante il movimento,
e spesso non passa con il semplice riposo. A volte peggiora.

Perché questa differenza conta?
Perché l'articolazione è rivestita di cartilagine,
e la cartilagine, come le ossa, ha bisogno di collagene
per restare integra ed efficiente.

Quando un dolore articolare torna sempre nello stesso punto,
non va ignorato.
È il corpo che ti chiede di prendertene cura.

Sostenere ossa e articolazioni con il giusto apporto di collagene
aiuta a muoverti meglio, soprattutto nei periodi in cui chiedi di più al tuo corpo.

Se hai un dubbio sul tuo caso, scrivici: il nostro team è a disposizione.","Facebook, Instagram, TikTok, Youtube",Doc,💻 Da montare,
"NEOGELA: ""Fratture da fragilità: cosa sono e perché aumentano con l'età”<<",Neogela,,,,,,03/07/2026,Reel,,"Esiste un tipo di frattura che non arriva da un grande trauma.
Si chiama frattura da fragilità.

Mi spiego: normalmente, per rompere un osso serve un trauma importante.
Ma quando l'osso è già indebolito,
può fratturarsi anche per un gesto banale:
una caduta da fermi, a volte persino uno sforzo.

Perché succede?
La matrice delle nostre ossa è fatta in gran parte di collagene,
ed è proprio il collagene a darle resistenza ed elasticità.
Con l'avanzare dell'età, però, il corpo ne produce sempre meno.
L'osso diventa più povero di questa impalcatura, e quindi più fragile.

Ecco perché il rischio di fratture da fragilità
cresce dopo una certa età, soprattutto in presenza di osteopenia o osteoporosi.

E qui un messaggio per chi ha un genitore avanti con gli anni:
una frattura da fragilità non è solo ""sfortuna"".
È spesso il segnale che le ossa avevano bisogno di attenzione già da prima.

Sostenere la salute ossea per tempo -
con movimento, alimentazione e il giusto apporto di collagene -
significa ridurre il rischio prima che il problema si presenti.

Per approfondire questi temi, continua a seguirci.","Facebook, Instagram, TikTok, Youtube",Doc,💻 Da montare,
"NEOGELA:  ""Cosa succede nel tuo corpo quando assumi il collagene”",Neogela,,,,,,03/07/2026,Reel,,"Ti sei mai chiesta cosa succede davvero nel tuo corpo quando assumi il collagene?
Te lo spiego in modo semplice.

Il collagene di Neogela è idrolizzato:
vuol dire che è già scomposto in frammenti piccolissimi.
Così, una volta assunto, riesce a superare la barriera intestinale
ed essere assorbito sotto forma di aminoacidi.

E qui arriva la parte interessante.
Quegli aminoacidi diventano i mattoni
che il tuo corpo usa per mantenere ossa, articolazioni e cartilagini.

Perché ricordati: la matrice delle nostre ossa
è fatta per il 90% di collagene.
È quello che le rende resistenti ed elastiche allo stesso tempo.

Ma c'è una cosa da sapere:
non è questione di un giorno.
Nelle prime settimane senti sollievo dai dolori articolari,
dopo qualche mese rinforzi muscoli e articolazioni,
e per vedere cambiamenti sulla densità ossea
serve costanza, almeno sei mesi.

Ecco perché il collagene non è una cura lampo:
è un gesto quotidiano che lavora per te, giorno dopo giorno.

Se vuoi capire come inserirlo nella tua routine, scrivici nei commenti.","Facebook, Instagram, TikTok, Youtube",Giulia,💻 Da montare,